Workbook

Sheet รายแปลง
A2: สายงาน | B2: ไร่ | C2: ลำดับ | D2: รหัสโควต้า | E2: รหัสแปลง | F2: เลขแปลง | G2: รหัสแปลง | H2: พื้นที่หมุนเวียน | I2: พักดิน68/69 | J2: พื้นที่อ้อย | K2: ประเภทอ้อย | L2: ประเภท2 | M2: พันธุ์อ้อย | N2: น้ำ | O2: จำนวนครั้ง | P2: แหล่งน้ำ | Q2: ปริมาตรในสระ | R2: แหล่งเติมน้ำ | S2: ต้นกำลัง | T2: ประเภทให้น้ำ | U2: เกรดน้ำ100% | V2: ให้น้ำ | W2: คาดฯใช้น้ำ | X2: ชื่อผู้รับเหมา | Y2: ชุด | Z2: ให้น้ำ (ไร่) | AA2: อุปกรณ์ผู้รับเหมา | AB2: อุปกรณ์ | AC2: ร่อง | AD2: ระยะร่อง | AE2: ดิน
A3: 1 | B3: กระทุ่ม 1 | C3: 1 | D3: 902 | E3: 634 | F3: 101 | G3: 902101 | H3: 15.78 | J3: 15.78 | K3: อ้อยตอ 1 | L3: อ้อยตอ | M3: CSB15-221 | N3: Fully | O3: 6 | P3: สระ 902301 | Q3: 85000 | R3: น้ำฝน | S3: เครื่องยนต์สูบน้ำ/Solar Mobile | T3: น้ำหยดบนดิน Fix | U3: Fully | V3: 6 | W3: 4734 | X3: กษมา1 | Z3: 15.78 | AA3: อุปกรณ์ผู้รับเหมา | AC3: เดี่ยว | AD3: 1.85 | AE3: เหนียว
A4: 1 | B4: กระทุ่ม 1 | C4: 2 | D4: 902 | E4: 639 | F4: 102 | G4: 902102 | H4: 8.37 | I4: 8.37 | K4: พักดิน | L4: พักดิน | M4: KK-3 | N4: sup | O4: 3 | P4: สระ 902301 | Q4: 85000 | R4: น้ำฝน | S4: เครื่องยนต์สูบน้ำ/Solar Mobile | T4: น้ำหยดบนดิน Fix | U4: Fully | V4: 6 | W4: 0 | X4: กษมา | Z4: 8.37 | AA4: อุปกรณ์ของผู้รับเหมา | AC4: เดี่ยว | AD4: 1.85 | AE4: เหนียว
A5: 1 | B5: กระทุ่ม 1 | C5: 3 | D5: 902 | E5: 635 | F5: 103 | G5: 902103 | H5: 15.84 | J5: 15.84 | K5: อ้อยตอ 1 | L5: อ้อยตอ | M5: MPT12-358 | N5: Fully | O5: 6 | P5: สระ 902301 | Q5: 85000 | R5: น้ำฝน | S5: เครื่องยนต์สูบน้ำ/Solar Mobile | T5: น้ำหยดบนดิน Fix | U5: Fully | V5: 6 | W5: 4752 | X5: กษมา2 | Z5: 15.84 | AA5: อุปกรณ์ผู้รับเหมา | AC5: คู่ | AD5: 1.85 | AE5: เหนียว
A6: 1 | B6: กระทุ่ม 1 | C6: 4 | D6: 902 | E6: 632 | F6: 104 | G6: 902104 | H6: 21.91 | I6: 21.91 | K6: พักดิน | L6: พักดิน | M6: MPT-618 | N6: Fully | O6: 6 | P6: สระ 902301 | Q6: 85000 | R6: น้ำฝน | S6: เครื่องยนต์สูบน้ำ/Solar Mobile | T6: น้ำหยดบนดิน Fix | U6: Fully | V6: 6 | W6: 0 | X6: กษมา3 | Z6: 21.91 | AA6: อุปกรณ์ผู้รับเหมา | AC6: คู่ | AD6: 1.85 | AE6: เหนียว
A7: 1 | B7: กระทุ่ม 1 | C7: 5 | D7: 902 | E7: 618 | F7: 105 | G7: 902105 | H7: 61.2 | J7: 61.2 | K7: อ้อยตอ 1 | L7: อ้อยตอ | M7: KK-3 | N7: Fully | O7: 6 | P7: สระ 902302 | Q7: 590000 | R7: น้ำฝน | S7: เครื่องยนต์สุบน้ำ | T7: น้ำหยดบนดิน Move | U7: sup | V7: 3 | W7: 9180 | X7: กษมา1 | Z7: 68.81 | AA7: อุปกรณ์ผู้รับเหมา | AC7: เดี่ยว | AD7: 1.85 | AE7: เหนียว
A8: 1 | B8: กระทุ่ม 1 | C8: 6 | D8: 902 | E8: 620 | F8: 106 | G8: 902106 | H8: 80.7 | J8: 80.7 | K8: อ้อยตอ 2 | L8: อ้อยตอ | M8: ทองภูมิ 6 | N8: Fully | O8: 6 | P8: สระ 902302 | Q8: 590000 | R8: น้ำฝน | S8: เครื่องยนต์สูบน้ำ/โรงสูบน้ำ Solar Cell | T8: น้ำหยด 3/ราดร่อง | U8: Fully | V8: 16 | W8: 64560 | X8: กษมา | Z8: 86.07 | AA8: อุปกรณ์ผู้รับเหมา | AC8: คู่ | AD8: 1.85 | AE8: เหนียว
A9: 1 | B9: กระทุ่ม 1 | C9: 7 | D9: 902 | E9: 612 | F9: 107 | G9: 902107 | H9: 13.21 | I9: 13.21 | K9: พักดิน | L9: พักดิน | M9: MPT-442 | N9: Fully | O9: 6 | P9: สระ 902302 | Q9: 590000 | R9: น้ำฝน | S9: เครื่องยนต์/โรงสูบน้ำ Solar Cell | T9: น้ำหยด 3/ราดร่อง | U9: Fully | V9: 16 | W9: 0 | X9: กษมา | Z9: 14.52 | AA9: อุปกรณ์ผู้รับเหมา | AC9: คู่ | AD9: 1.85 | AE9: เหนียว
A10: 1 | B10: กระทุ่ม 1 | C10: 8 | D10: 902 | E10: 613 | F10: 108 | G10: 902108 | H10: 29.56 | I10: 29.56 | K10: พักดิน | L10: พักดิน | M10: MPT-442 | N10: Fully | O10: 6 | P10: สระ 902302 | Q10: 590000 | R10: น้ำฝน | S10: เครื่องยนต์/โรงสูบน้ำ Solar Cell | T10: น้ำหยด 3/ราดร่อง | U10: Fully | V10: 16 | W10: 0 | X10: กษมา | Z10: 30.72 | AA10: อุปกรณ์ผู้รับเหมา | AC10: คู่ | AD10: 1.85 | AE10: เหนียว
A11: 1 | B11: กระทุ่ม 1 | C11: 9 | D11: 902 | E11: 614 | F11: 109 | G11: 902109 | H11: 28.46 | I11: 28.46 | K11: พักดิน | L11: พักดิน | M11: MTP-618 | N11: Fully | O11: 6 | P11: สระ 902302 | Q11: 590000 | R11: น้ำฝน | S11: เครื่องยนต์/โรงสูบน้ำ Solar Cell | T11: น้ำหยด 3/ราดร่อง | U11: Fully | V11: 16 | W11: 0 | X11: กษมา | Z11: 30.35 | AA11: อุปกรณ์ผู้รับเหมา | AC11: คู่ | AD11: 1.85 | AE11: เหนียว
A12: 1 | B12: กระทุ่ม 1 | C12: 10 | D12: 902 | E12: 617/1 | F12: 110 | G12: 902110 | H12: 18.21 | J12: 18.21 | K12: อ้อยตอ 1 | L12: อ้อยตอ | M12: Csb08-108 | N12: Fully | O12: 6 | P12: สระ 902302 | Q12: 590000 | R12: น้ำฝน | S12: เครื่องยนต์สูบน้ำ/โรงสูบน้ำ Solar Cell | T12: น้ำหยด 3/ราดร่อง | U12: Fully | V12: 16 | W12: 14568 | X12: กษมา | Z12: 18.21 | AA12: อุปกรณ์ผู้รับเหมา | AC12: คู่ | AD12: 1.85 | AE12: เหนียว
A13: 1 | B13: กระทุ่ม 1 | C13: 11 | D13: 902 | E13: 617 | F13: 111 | G13: 902111 | H13: 45.72 | J13: 45.72 | K13: อ้อยตอ 1 | L13: อ้อยตอ | M13: KK-3 | N13: Fully | O13: 6 | P13: สระ 902302 | Q13: 590000 | R13: น้ำฝน | S13: เครื่องยนต์สูบน้ำ/โรงสูบน้ำ Solar Cell | T13: น้ำหยด 3/ราดร่อง | U13: Fully | V13: 16 | W13: 36576 | X13: กษมา | Z13: 46.4 | AA13: อุปกรณ์ผู้รับเหมา | AC13: เดี่ยว | AD13: 1.85 | AE13: เหนียว
A14: 1 | B14: กระทุ่ม 1 | C14: 12 | D14: 902 | E14: 606 | F14: 112 | G14: 902112 | H14: 8.58 | J14: 8.58 | K14: อ้อยน้ำราด | L14: อ้อยปลูก | M14: KK-3 | N14: Fully | O14: 6 | P14: สระ 902302 | Q14: 590000 | R14: น้ำฝน | S14: เครื่องยนต์สูบน้ำ/โรงสูบน้ำ Solar Cell | T14: น้ำหยด 3/ราดร่อง | U14: Fully | V14: 16 | W14: 6864 | X14: กษมา | Z14: 9.87 | AA14: อุปกรณ์ผู้รับเหมา | AC14: คู่ | AD14: 1.85 | AE14: เหนียว
A15: 1 | B15: กระทุ่ม 1 | C15: 13 | D15: 902 | E15: 605 | F15: 113 | G15: 902113 | H15: 13.96 | J15: 13.96 | K15: อ้อยน้ำราด | L15: อ้อยปลูก | M15: KK-3 | N15: Fully | O15: 6 | P15: สระ 902302 | Q15: 590000 | R15: น้ำฝน | S15: เครื่องยนต์สูบน้ำ/โรงสูบน้ำ Solar Cell | T15: น้ำหยด 3/ราดร่อง | U15: Fully | V15: 16 | W15: 11168 | X15: กษมา | Z15: 13.96 | AA15: อุปกรณ์ผู้รับเหมา | AC15: คู่ | AD15: 1.85 | AE15: เหนียว
A16: 1 | B16: กระทุ่ม 1 | C16: 14 | D16: 902 | E16: 604 | F16: 114 | G16: 902114 | H16: 11.75 | J16: 11.75 | K16: อ้อยน้ำราด | L16: อ้อยปลูก | M16: KK-3 | N16: Fully | O16: 6 | P16: สระ 902302 | Q16: 590000 | R16: น้ำฝน | S16: เครื่องยนต์สูบน้ำ/โรงสูบน้ำ Solar Cell | T16: น้ำหยด 3/ราดร่อง | U16: Fully | V16: 16 | W16: 9400 | X16: กษมา | Z16: 11.75 | AA16: อุปกรณ์ผู้รับเหมา | AC16: คู่ | AD16: 1.85 | AE16: เหนียว
A17: 1 | B17: กระทุ่ม 1 | C17: 15 | D17: 902 | E17: 601 | F17: 115 | G17: 902115 | H17: 25.3 | J17: 25.3 | K17: อ้อยน้ำราด | L17: อ้อยปลูก | M17: KK-3,MPT-618 | N17: Fully | O17: 6 | P17: สระ 902302 | Q17: 590000 | R17: น้ำฝน | S17: เครื่องยนต์สูบน้ำ/โรงสูบน้ำ Solar Cell | T17: น้ำหยด 3/ราดร่อง | U17: Fully | V17: 16 | W17: 20240 | X17: กษมา | Z17: 25.3 | AA17: อุปกรณ์ผู้รับเหมา | AC17: คู่ | AD17: 1.85 | AE17: เหนียว
A18: 1 | B18: กระทุ่ม 1 | C18: 16 | D18: 902 | E18: 718 | F18: 116 | G18: 902116 | H18: 11.98 | J18: 11.98 | K18: อ้อยน้ำราด | L18: อ้อยปลูก | M18: KK-3 | N18: Fully | O18: 6 | P18: สระ 902302 | Q18: 590000 | R18: น้ำฝน | S18: เครื่องยนต์สูบน้ำ/โรงสูบน้ำ Solar Cell | T18: น้ำหยด 3/ราดร่อง | U18: Fully | V18: 16 | W18: 9584 | X18: กษมา | Z18: 11.98 | AA18: อุปกรณ์ผู้รับเหมา | AC18: เดี่ยว | AD18: 1.65 | AE18: เหนียว
A19: 1 | B19: กระทุ่ม 1 | C19: 17 | D19: 902 | E19: 719 | F19: 117 | G19: 902117 | H19: 16.54 | J19: 16.54 | K19: อ้อยตุลาคม | L19: อ้อยปลูก | M19: KK-3 | N19: Fully | O19: 6 | P19: สระ 902302 | Q19: 590000 | R19: น้ำฝน | S19: เครื่องยนต์สูบน้ำ/โรงสูบน้ำ Solar Cell | T19: น้ำหยด 3/ราดร่อง | U19: Fully | V19: 16 | W19: 13232 | X19: กษมา | Z19: 16.54 | AA19: อุปกรณ์ผู้รับเหมา | AC19: เดี่ยว | AD19: 1.65 | AE19: เหนียว
A20: 1 | B20: กระทุ่ม 1 | C20: 18 | D20: 902 | E20: 720 | F20: 118 | G20: 902118 | H20: 10.24 | J20: 10.24 | K20: อ้อยตุลาคม | L20: อ้อยปลูก | M20: KK-3/PK-2 | N20: Fully | O20: 6 | P20: สระ 902302 | Q20: 590000 | R20: น้ำฝน | S20: เครื่องยนต์สูบน้ำ/โรงสูบน้ำ Solar Cell | T20: น้ำหยด 3/ราดร่อง | U20: Fully | V20: 16 | W20: 8192 | X20: กษมา | Z20: 10.24 | AA20: อุปกรณ์ผู้รับเหมา | AC20: เดี่ยว | AD20: 1.65 | AE20: เหนียว
A21: 1 | B21: กระทุ่ม 1 | C21: 19 | D21: 902 | E21: 721 | F21: 119 | G21: 902119 | H21: 5.37 | I21: 5.37 | K21: พักดิน | L21: พักดิน | M21: KK-3 | N21: Fully | O21: 6 | P21: สระ 902302 | Q21: 590000 | R21: น้ำฝน | S21: เครื่องยนต์สูบน้ำ/โรงสูบน้ำ Solar Cell | T21: น้ำหยด 3/ราดร่อง | U21: Fully | V21: 16 | W21: 0 | X21: กษมา | Z21: 5.37 | AA21: อุปกรณ์ผู้รับเหมา | AC21: คู่ | AD21: 1.85 | AE21: เหนียว
A22: 1 | B22: กระทุ่ม 1 | C22: 20 | D22: 902 | E22: 725 | F22: 120 | G22: 902120 | H22: 20.5 | J22: 20.5 | K22: อ้อยตอ 1 | L22: อ้อยตอ | M22: Csb08-108 | N22: Fully | O22: 6 | P22: สระ 902302 | Q22: 590000 | R22: น้ำฝน | S22: เครื่องยนต์สูบน้ำ/โรงสูบน้ำ Solar Cell | T22: น้ำหยด 3/ราดร่อง | U22: Fully | V22: 16 | W22: 16400 | X22: กษมา | Z22: 20.5 | AA22: อุปกรณ์ผู้รับเหมา | AC22: คู่ | AD22: 1.85 | AE22: เหนียว
A23: 1 | B23: กระทุ่ม 1 | C23: 21 | D23: 902 | E23: 726 | F23: 121 | G23: 902121 | H23: 13.85 | J23: 13.85 | K23: อ้อยน้ำราด | L23: อ้อยปลูก | M23: ทองภูมิ 6 | N23: Fully | O23: 6 | P23: สระ 902302 | Q23: 590000 | R23: น้ำฝน | S23: เครื่องยนต์สูบน้ำ/โรงสูบน้ำ Solar Cell | T23: น้ำหยด 3/ราดร่อง | U23: Fully | V23: 16 | W23: 11080 | X23: กษมา | Z23: 13.85 | AA23: อุปกรณ์ผู้รับเหมา | AC23: คู่ | AD23: 1.85 | AE23: เหนียว
A24: 1 | B24: กระทุ่ม 1 | C24: 22 | D24: 902 | E24: 740 | F24: 122 | G24: 902122 | H24: 9.35 | J24: 9.35 | K24: อ้อยน้ำราด | L24: อ้อยปลูก | M24: kk-3 | N24: Fully | O24: 6 | P24: สระ 902302 | Q24: 590000 | R24: น้ำฝน | S24: เครื่องยนต์สูบน้ำ/โรงสูบน้ำ Solar Cell | T24: น้ำหยด 3/ราดร่อง | U24: Fully | V24: 16 | W24: 7480 | X24: กษมา | Z24: 9.35 | AA24: อุปกรณ์ผู้รับเหมา | AC24: คู่ | AD24: 1.85 | AE24: เหนียว
A25: 1 | B25: กระทุ่ม 1 | C25: 23 | D25: 902 | E25: 714 | F25: 123 | G25: 902123 | H25: 12.37 | J25: 12.37 | K25: อ้อยตอ 1 | L25: อ้อยตอ | M25: MPT14-618,KK3 | N25: Fully | O25: 6 | P25: สระ 902303 (โซล่า) | Q25: 103000 | R25: น้ำฝน | S25: โรงสูบน้ำ Solar Cell | T25: น้ำหยดบนดิน Fix | U25: Fully | V25: 9 | W25: 5566.5 | X25: กษมา | Z25: 12.37 | AA25: อุปกรณ์ผู้รับเหมา | AC25: เดี่ยว | AD25: 1.85 | AE25: เหนียว
A26: 1 | B26: กระทุ่ม 1 | C26: 24 | D26: 902 | E26: 715 | F26: 124 | G26: 902124 | H26: 59.33 | J26: 59.33 | K26: อ้อยน้ำราด | L26: อ้อยปลูก | M26: KK-3 | N26: Fully | O26: 6 | P26: สระ 902303 (โซล่า) | Q26: 103000 | R26: น้ำฝน | S26: โรงสูบน้ำ Solar Cell | T26: น้ำหยดบนดิน Fix | U26: Fully | V26: 9 | W26: 26698.5 | X26: กษมา | Z26: 59.33 | AA26: อุปกรณ์ผู้รับเหมา | AC26: คู่ | AD26: 1.85 | AE26: เหนียว
A27: 1 | B27: กระทุ่ม 1 | C27: 25 | D27: 902 | E27: 742 | F27: 125 | G27: 902125 | H27: 28.68 | J27: 28.68 | K27: อ้อยน้ำราด | L27: อ้อยปลูก | M27: PK-3 | N27: Fully | O27: 6 | P27: สระ 902302 | Q27: 590000 | R27: น้ำฝน | S27: เครื่องยนต์สุบน้ำ | T27: น้ำหยดบนดิน Move | U27: sup | V27: 3 | W27: 4302 | X27: กษมา | Z27: 31.85 | AA27: อุปกรณ์ผู้รับเหมา | AC27: คู่ | AD27: 1.85 | AE27: เหนียว
A28: 1 | B28: กระทุ่ม 1 | C28: 26 | D28: 902 | E28: 743 | F28: 126 | G28: 902126 | H28: 39.76 | J28: 39.76 | K28: อ้อยน้ำราด | L28: อ้อยปลูก | M28: MPT-442 | N28: Fully | O28: 6 | P28: สระ 902304 (ติดตั้งโซล่า) | Q28: 157000 | R28: น้ำฝน | S28: เครื่องยนต์สูบน้ำ/Solar Mobile | T28: น้ำหยดบนดิน Fix | U28: Fully | V28: 8 | W28: 15904 | X28: กษมา | Z28: 39.76 | AA28: อุปกรณ์ผู้รับเหมา | AC28: คู่ | AD28: 1.85 | AE28: เหนียว
A29: 1 | B29: กระทุ่ม 1 | C29: 27 | D29: 902 | E29: 743/1 | F29: 127 | G29: 902127 | H29: 55.36 | J29: 55.36 | K29: อ้อยน้ำราด | L29: อ้อยปลูก | M29: KK-3 | N29: Fully | O29: 6 | P29: สระ 902304 (ติดตั้งโซล่า) | Q29: 157000 | R29: น้ำฝน | S29: เครื่องยนต์สูบน้ำ/Solar Mobile | T29: น้ำหยดบนดิน Fix | U29: Fully | V29: 8 | W29: 22144 | X29: กษมา | Z29: 57.15 | AA29: อุปกรณ์ผู้รับเหมา | AC29: คู่ | AD29: 1.85 | AE29: เหนียว
A30: 1 | B30: กระทุ่ม 1 | C30: 28 | D30: 902 | E30: 744 | F30: 128 | G30: 902128 | H30: 141.89 | J30: 141.89 | K30: อ้อยตอ 1 | L30: อ้อยตอ | M30: MPT14-618,ทองภูมิ6 | N30: Fully | O30: 6 | P30: สระ 902304 (ติดตั้งโซล่า) | Q30: 157000 | R30: น้ำฝน | S30: เครื่องยนต์สูบน้ำ/Solar Mobile | T30: น้ำหยดบนดิน Fix | U30: Fully | V30: 8 | W30: 56756 | X30: กษมา | Z30: 146.13 | AA30: อุปกรณ์ผู้รับเหมา | AC30: คู่ | AD30: 1.85 | AE30: เหนียว
A31: 1 | B31: กระทุ่ม 1 | C31: 29 | D31: 902 | E31: 745 | F31: 129 | G31: 902129 | H31: 19.85 | J31: 19.85 | K31: อ้อยน้ำราด | L31: อ้อยปลูก | M31: KK-3,MPT-358 | N31: Fully | O31: 6 | P31: สระ 902304 (ติดตั้งโซล่า) | Q31: 157000 | R31: น้ำฝน | S31: เครื่องยนต์สูบน้ำ/Solar Mobile | T31: น้ำหยดบนดิน Fix | U31: Fully | V31: 8 | W31: 7940 | X31: กษมา | Z31: 22.39 | AA31: อุปกรณ์ผู้รับเหมา | AC31: คู่ | AD31: 1.85 | AE31: เหนียว
A32: 1 | B32: กระทุ่ม 1 | C32: 30 | D32: 902 | E32: 746 | F32: 130 | G32: 902130 | H32: 17.31 | J32: 17.31 | K32: อ้อยน้ำราด | L32: อ้อยปลูก | M32: เอราวัณ | N32: Fully | O32: 6 | P32: สระ 902302 | Q32: 590000 | R32: น้ำฝน | S32: เครื่องยนต์สุบน้ำ | T32: น้ำหยดบนดิน Move | U32: sup | V32: 3 | W32: 2596.5 | X32: กษมา | Z32: 19.22 | AA32: อุปกรณ์ผู้รับเหมา | AC32: คู่ | AD32: 1.85 | AE32: เหนียว
A33: 1 | B33: กระทุ่ม 1 | C33: 31 | D33: 902 | E33: 731 | F33: 131 | G33: 902131 | H33: 11.3 | J33: 11.3 | K33: อ้อยตอ 1 | L33: อ้อยตอ | M33: ทองภูมิ6 | N33: Fully | O33: 6 | P33: สระ 902304 (ติดตั้งโซล่า) | Q33: 157000 | R33: น้ำฝน | S33: เครื่องยนต์สูบน้ำ/Solar Mobile | T33: น้ำหยดบนดิน Fix | U33: Fully | V33: 8 | W33: 4520 | X33: กษมา | Z33: 11.3 | AA33: อุปกรณ์ผู้รับเหมา | AC33: คู่ | AD33: 1.85 | AE33: เหนียว
A34: 1 | B34: กระทุ่ม 1 | C34: 32 | D34: 902 | E34: 732 | F34: 132 | G34: 902132 | H34: 23.21 | J34: 23.21 | K34: อ้อยตอ 1 | L34: อ้อยตอ | M34: ทองภูมิ6 | N34: Fully | O34: 6 | P34: สระ 902304 (ติดตั้งโซล่า) | Q34: 157000 | R34: น้ำฝน | S34: เครื่องยนต์สูบน้ำ/Solar Mobile | T34: น้ำหยดบนดิน Fix | U34: Fully | V34: 8 | W34: 9284 | X34: กษมา | Z34: 23.21 | AA34: อุปกรณ์ผู้รับเหมา | AC34: คู่ | AD34: 1.85 | AE34: เหนียว
A35: 1 | B35: กระทุ่ม 1 | C35: 33 | D35: 902 | E35: 733 | F35: 133 | G35: 902133 | H35: 24.2 | J35: 24.2 | K35: อ้อยตอ 1 | L35: อ้อยตอ | M35: MPT12-74 | N35: Fully | O35: 6 | P35: สระ 902304 (ติดตั้งโซล่า) | Q35: 157000 | R35: น้ำฝน | S35: เครื่องยนต์สูบน้ำ/Solar Mobile | T35: น้ำหยดบนดิน Fix | U35: Fully | V35: 8 | W35: 9680 | X35: กษมา | Z35: 24.2 | AA35: อุปกรณ์ผู้รับเหมา | AC35: คู่ | AD35: 1.85 | AE35: เหนียว
A36: 1 | B36: กระทุ่ม 1 | C36: 34 | D36: 902 | E36: 734 | F36: 134 | G36: 902134 | H36: 24.81 | J36: 24.81 | K36: อ้อยตอ 1 | L36: อ้อยตอ | M36: MPT12-74 | N36: Fully | O36: 6 | P36: สระ 902304 (ติดตั้งโซล่า) | Q36: 157000 | R36: น้ำฝน | S36: เครื่องยนต์สูบน้ำ/Solar Mobile | T36: น้ำหยดบนดิน Fix | U36: Fully | V36: 8 | W36: 9924 | X36: กษมา | Z36: 24.81 | AA36: อุปกรณ์ผู้รับเหมา | AC36: คู่ | AD36: 1.85 | AE36: เหนียว
A37: 1 | B37: กระทุ่ม 1 | C37: 35 | D37: 902 | E37: 735 | F37: 135 | G37: 902135 | H37: 25.22 | J37: 25.22 | K37: อ้อยน้ำราด | L37: อ้อยปลูก | M37: KK-3,MPT-12-74 | N37: Fully | O37: 6 | P37: สระ 902304 (ติดตั้งโซล่า) | Q37: 157000 | R37: น้ำฝน | S37: เครื่องยนต์สูบน้ำ/Solar Mobile | T37: น้ำหยดบนดิน Fix | U37: Fully | V37: 8 | W37: 10088 | X37: กษมา | Z37: 27.35 | AA37: อุปกรณ์ผู้รับเหมา | AC37: คู่ | AD37: 1.85 | AE37: เหนียว
A38: 1 | B38: กระทุ่ม 1 | C38: 36 | D38: 902 | E38: 711 | F38: 136 | G38: 902136 | H38: 68.26 | J38: 68.26 | K38: อ้อยตอ 1 | L38: อ้อยตอ | M38: MPT-12-1782,KK-3 | N38: Fully | O38: 6 | P38: สระ 902303 (โซล่า) | Q38: 103000 | R38: น้ำฝน | S38: โรงสูบน้ำ Solar Cell | T38: น้ำหยดบนดิน Fix | U38: Fully | V38: 9 | W38: 30717 | X38: กษมา | Z38: 68.26 | AA38: อุปกรณ์ผู้รับเหมา | AC38: คู่ | AD38: 1.85 | AE38: เหนียว
A39: 1 | B39: กระทุ่ม 1 | C39: 37 | D39: 902 | E39: 640 | F39: 137 | G39: 902137 | H39: 20.45 | J39: 20.45 | K39: อ้อยน้ำราด | L39: อ้อยปลูก | M39: KK-3 | N39: sup | O39: 3 | P39: สระ 902304 | Q39: 157000 | R39: น้ำฝน | S39: เครื่องยนต์สุบน้ำ | T39: น้ำหยดบนดิน Move | U39: sup | V39: 5 | W39: 5112.5 | X39: กษมา | Z39: 20.45 | AA39: อุปกรณ์ผู้รับเหมา | AC39: คู่ | AD39: 1.85 | AE39: เหนียว
A40: 1 | B40: กระทุ่ม 1 | C40: 38 | D40: 902 | E40: 701 | F40: 138 | G40: 902138 | H40: 33.7 | I40: 33.7 | K40: พักดิน | L40: พักดิน | M40: KK-3 | N40: Fully | O40: 6 | P40: สระ 902305 | Q40: 26950 | R40: น้ำฝน | S40: เครื่องยนต์สุบน้ำ | T40: น้ำหยดบนดิน Move | U40: sup | V40: 3 | W40: 0 | X40: กษมา | Z40: 33.7 | AA40: อุปกรณ์ผู้รับเหมา | AC40: เดี่ยว | AD40: 1.65 | AE40: เหนียว
A41: 1 | B41: กระทุ่ม 1 | C41: 39 | D41: 902 | E41: 702 | F41: 139 | G41: 902139 | H41: 36.86 | I41: 36.86 | K41: พักดิน | L41: พักดิน | M41: KK-3 | N41: Fully | O41: 6 | P41: สระ 902305 | Q41: 26950 | R41: น้ำฝน | S41: เครื่องยนต์สุบน้ำ | T41: น้ำหยดบนดิน Move | U41: sup | V41: 3 | W41: 0 | X41: กษมา | Z41: 36.86 | AA41: อุปกรณ์ผู้รับเหมา | AC41: เดี่ยว | AD41: 1.65 | AE41: เหนียว
A42: 1 | B42: กระทุ่ม 1 | C42: 40 | D42: 902 | E42: 703 | F42: 140 | G42: 902140 | H42: 40.97 | J42: 40.97 | K42: อ้อยตอ 1 | L42: อ้อยตอ | M42: MPT-12-1782/MPT-618 | N42: sup | O42: 3 | P42: สระ 902140 | Q42: 5000 | R42: น้ำฝน | S42: เครื่องยนต์สุบน้ำ | T42: น้ำหยดบนดิน Move | U42: sup | V42: 2 | W42: 4097 | X42: กษมา | Z42: 50.36 | AA42: อุปกรณ์ผู้รับเหมา | AC42: คู่ | AD42: 1.85 | AE42: เหนียว
A43: 1 | B43: กระทุ่ม 1 | C43: 41 | D43: 902 | E43: รับใหม่ | F43: 141 | G43: 902141 | H43: 68.27 | J43: 68.27 | K43: อ้อยตุลาคม | L43: อ้อยปลูก | N43: Fully | O43: 6 | P43: สระ 902301 | Q43: 85000 | R43: น้ำฝน | S43: เครื่องยนต์สูบน้ำ/Solar Mobile | T43: น้ำหยดบนดิน Fix | U43: Fully | V43: 6 | W43: 20481 | X43: กษมา | Z43: 74.97 | AA43: อุปกรณ์ผู้รับเหมา | AE43: ทราย
A44: 1 | B44: กระทุ่ม 1 | C44: 42 | D44: 902 | E44: รับใหม่ | F44: 142 | G44: 902142 | H44: 9.66725 | J44: 9.66725 | K44: อ้อยตุลาคม | L44: อ้อยปลูก | N44: sup | O44: 3 | U44: sup | V44: 0 | W44: 0 | X44: กษมา | Z44: 9.66725 | AA44: อุปกรณ์ผู้รับเหมา | AE44: ทราย
A45: 1 | B45: กระทุ่ม 1 | C45: 43 | D45: 902 | E45: รับใหม่ | F45: 143 | G45: 902143 | H45: 25.313 | J45: 25.313 | K45: อ้อยตุลาคม | L45: อ้อยปลูก | N45: sup | O45: 3 | U45: sup | V45: 0 | W45: 0 | X45: กษมา | Z45: 25.313 | AA45: อุปกรณ์ผู้รับเหมา | AE45: ทราย
A46: 1 | B46: กระทุ่ม 1 | C46: 44 | D46: 902 | E46: รับใหม่ | F46: 144 | G46: 902144 | H46: 12.2275 | J46: 12.2275 | K46: อ้อยน้ำราด | L46: อ้อยปลูก | N46: sup | O46: 3 | P46: สระในแปลงซื้อใหม่ | R46: น้ำฝน | S46: เครื่องยนต์สุบน้ำ | T46: น้ำหยดบนดิน Move | U46: sup | V46: 4 | W46: 2445.5 | X46: กษมา | Z46: 12.2275 | AA46: อุปกรณ์ผู้รับเหมา | AE46: ทราย
A47: 1 | B47: กระทุ่ม 1 | C47: 45 | D47: 902 | E47: รับใหม่ | F47: 145 | G47: 902145 | H47: 15.87425 | J47: 15.87425 | K47: อ้อยน้ำราด | L47: อ้อยปลูก | N47: sup | O47: 3 | P47: สระในแปลงซื้อใหม่ | R47: น้ำฝน | S47: เครื่องยนต์สุบน้ำ | T47: น้ำหยดบนดิน Move | U47: sup | V47: 4 | W47: 3174.85 | X47: กษมา | Z47: 15.87425 | AA47: อุปกรณ์ผู้รับเหมา | AE47: ทราย
A48: 1 | B48: กระทุ่ม 2 | C48: 1 | D48: 906 | E48: 1037 | F48: 101 | G48: 906101 | H48: 48.89 | J48: 48.89 | K48: อ้อยตอ 1 | L48: อ้อยตอ | M48: MPT14-618,KK3 | N48: Fully | O48: 6 | P48: สระ 906302 | Q48: 196000 | R48: น้ำฝน | S48: Solar floating | T48: น้ำหยด 3/ราดร่อง | U48: Fully | V48: 8 | W48: 19556 | X48: ฤดี กาฬภักดี | Z48: 48.89 | AA48: อุปกรณ์ผู้รับเหมา+น้ำมันบริษัท | AC48: คู่ | AD48: 1.85 | AE48: เหนียว
A49: 1 | B49: กระทุ่ม 2 | C49: 2 | D49: 906 | E49: 912 | F49: 102 | G49: 906102 | H49: 18.91 | J49: 18.91 | K49: อ้อยตอ 1 | L49: อ้อยตอ | M49: MPT12-358,MPT12-442 | N49: Fully | O49: 6 | P49: สระ 906302 | Q49: 196000 | R49: น้ำฝน | S49: Solar floating | T49: น้ำหยด 3/ราดร่อง | U49: Fully | V49: 8 | W49: 7564 | X49: ฤดี กาฬภักดี | Z49: 18.91 | AA49: อุปกรณ์ผู้รับเหมา+น้ำมันบริษัท | AC49: คู่ | AD49: 1.85 | AE49: เหนียว
A50: 1 | B50: กระทุ่ม 2 | C50: 3 | D50: 906 | E50: 914 | F50: 103 | G50: 906103 | H50: 7.57 | J50: 7.57 | K50: อ้อยตอ 1 | L50: อ้อยตอ | M50: MPT14-618 | N50: Fully | O50: 6 | P50: สระ 906302 | Q50: 196000 | R50: น้ำฝน | S50: Solar floating | T50: น้ำหยด 3/ราดร่อง | U50: Fully | V50: 8 | W50: 3028 | X50: ฤดี กาฬภักดี | Z50: 7.57 | AA50: อุปกรณ์ผู้รับเหมา+น้ำมันบริษัท | AC50: คู่ | AD50: 1.85 | AE50: เหนียว
A51: 1 | B51: กระทุ่ม 2 | C51: 4 | D51: 906 | E51: 911 | F51: 104 | G51: 906104 | H51: 17.55 | J51: 17.55 | K51: อ้อยน้ำราด | L51: อ้อยปลูก | M51: CSB15-221 | N51: Fully | O51: 6 | P51: สระ 906302 | Q51: 196000 | R51: น้ำฝน | S51: Solar floating | T51: น้ำหยด 3/ราดร่อง | U51: Fully | V51: 8 | W51: 7020 | X51: ฤดี กาฬภักดี | Z51: 17.55 | AA51: อุปกรณ์ผู้รับเหมา+น้ำมันบริษัท | AC51: คู่ | AD51: 1.85 | AE51: เหนียว
A52: 1 | B52: กระทุ่ม 2 | C52: 5 | D52: 906 | E52: 901 | F52: 105 | G52: 906105 | H52: 7.3 | J52: 7.3 | K52: อ้อยน้ำราด | L52: อ้อยปลูก | M52: KK-3 | N52: Fully | O52: 6 | P52: สระ 906302 | Q52: 196000 | R52: น้ำฝน | S52: Solar floating | T52: น้ำหยด 3/ราดร่อง | U52: Fully | V52: 8 | W52: 2920 | X52: ฤดี กาฬภักดี | Z52: 7.3 | AA52: อุปกรณ์ผู้รับเหมา+น้ำมันบริษัท | AC52: คู่ | AD52: 1.85 | AE52: เหนียว
A53: 1 | B53: กระทุ่ม 2 | C53: 6 | D53: 906 | E53: 904 | F53: 106 | G53: 906106 | H53: 11.19 | J53: 11.19 | K53: อ้อยน้ำราด | L53: อ้อยปลูก | M53: KK-3 | N53: Fully | O53: 6 | P53: สระ 906302 | Q53: 196000 | R53: น้ำฝน | S53: Solar floating | T53: น้ำหยด 3/ราดร่อง | U53: Fully | V53: 8 | W53: 4476 | X53: ฤดี กาฬภักดี | Z53: 11.19 | AA53: อุปกรณ์ผู้รับเหมา+น้ำมันบริษัท | AC53: คู่ | AD53: 1.85 | AE53: เหนียว
A54: 1 | B54: กระทุ่ม 2 | C54: 7 | D54: 906 | E54: 906 | F54: 107 | G54: 906107 | H54: 19.35 | J54: 19.35 | K54: อ้อยตอ 1 | L54: อ้อยตอ | M54: CSB15-221 | N54: Fully | O54: 6 | P54: สระ 906302 | Q54: 196000 | R54: น้ำฝน | S54: Solar floating | T54: น้ำหยด 3/ราดร่อง | U54: Fully | V54: 8 | W54: 7740 | X54: ฤดี กาฬภักดี | Z54: 19.35 | AA54: อุปกรณ์ผู้รับเหมา+น้ำมันบริษัท | AC54: คู่ | AD54: 1.85 | AE54: เหนียว
A55: 1 | B55: กระทุ่ม 2 | C55: 8 | D55: 906 | E55: 908 | F55: 108 | G55: 906108 | H55: 40.35 | J55: 40.35 | K55: อ้อยตอ 1 | L55: อ้อยตอ | M55: CSB15-221 | N55: Fully | O55: 6 | P55: สระ 906302 | Q55: 196000 | R55: น้ำฝน | S55: Solar floating | T55: น้ำหยด 3/ราดร่อง | U55: Fully | V55: 8 | W55: 16140 | X55: ฤดี กาฬภักดี | Z55: 40.35 | AA55: อุปกรณ์ผู้รับเหมา+น้ำมันบริษัท | AC55: คู่ | AD55: 1.85 | AE55: เหนียว
A56: 1 | B56: กระทุ่ม 2 | C56: 9 | D56: 906 | E56: 915 | F56: 109 | G56: 906109 | H56: 26.18 | J56: 26.18 | K56: อ้อยตอ 1 | L56: อ้อยตอ | M56: CSB15-221 | N56: Fully | O56: 6 | P56: สระ 906302 | Q56: 196000 | R56: น้ำฝน | S56: Solar floating | T56: น้ำหยด 3/ราดร่อง | U56: Fully | V56: 8 | W56: 10472 | X56: ฤดี กาฬภักดี | Z56: 26.18 | AA56: อุปกรณ์ผู้รับเหมา+น้ำมันบริษัท | AC56: คู่ | AD56: 1.85 | AE56: เหนียว
A57: 1 | B57: กระทุ่ม 2 | C57: 10 | D57: 906 | E57: 917 | F57: 110 | G57: 906110 | H57: 34.3 | I57: 34.3 | K57: พักดิน | L57: พักดิน | M57: CSB15-221 | N57: Fully | O57: 6 | P57: สระ 906302 | Q57: 196000 | R57: น้ำฝน | S57: Solar floating | T57: น้ำหยด 3/ราดร่อง | U57: Fully | V57: 8 | W57: 0 | X57: ฤดี กาฬภักดี | Z57: 34.3 | AA57: อุปกรณ์ผู้รับเหมา+น้ำมันบริษัท | AC57: คู่ | AD57: 1.85 | AE57: เหนียว
A58: 1 | B58: กระทุ่ม 2 | C58: 11 | D58: 906 | E58: 919 | F58: 111 | G58: 906111 | H58: 15.16 | J58: 15.16 | K58: อ้อยตุลาคม | L58: อ้อยปลูก | M58: PK-3 | N58: Fully | O58: 6 | P58: สระ 906301 | Q58: 650000 | R58: สระ 11 (บ่อบำบัด) | S58: ระบบ ไฟฟ้า | T58: น้ำหยด 3/ราดร่อง | U58: Fully | V58: 13 | W58: 9854 | X58: เผชิญ กาฬภักดี | Z58: 15.16 | AA58: อุปกรณ์ผู้รับเหมา+น้ำมันบริษัท | AC58: คู่ | AD58: 1.85 | AE58: เหนียว
A59: 1 | B59: กระทุ่ม 2 | C59: 12 | D59: 906 | E59: 920 | F59: 112 | G59: 906112 | H59: 7.46 | J59: 7.46 | K59: อ้อยตุลาคม | L59: อ้อยปลูก | M59: KK-3 | N59: Fully | O59: 6 | P59: สระ 906301 | Q59: 650000 | R59: สระ 11 (บ่อบำบัด) | S59: ระบบ ไฟฟ้า | T59: น้ำหยด 3/ราดร่อง | U59: Fully | V59: 13 | W59: 4849 | X59: เผชิญ กาฬภักดี | Z59: 7.46 | AA59: อุปกรณ์ผู้รับเหมา+น้ำมันบริษัท | AC59: คู่ | AD59: 1.85 | AE59: เหนียว
A60: 1 | B60: กระทุ่ม 2 | C60: 13 | D60: 906 | E60: 923 | F60: 113 | G60: 906113 | H60: 13.77 | J60: 13.77 | K60: อ้อยตุลาคม | L60: อ้อยปลูก | M60: PK-3 | N60: Fully | O60: 6 | P60: สระ 906301 | Q60: 650000 | R60: สระ 11 (บ่อบำบัด) | S60: ระบบ ไฟฟ้า | T60: น้ำหยด 3/ราดร่อง | U60: Fully | V60: 13 | W60: 8950.5 | X60: เผชิญ กาฬภักดี | Z60: 13.77 | AA60: อุปกรณ์ผู้รับเหมา+น้ำมันบริษัท | AC60: คู่ | AD60: 1.85 | AE60: เหนียว
A61: 1 | B61: กระทุ่ม 2 | C61: 12 | D61: 906 | E61: 922 | F61: 114 | G61: 906114 | H61: 10.36 | J61: 10.36 | K61: อ้อยตอ 1 | L61: อ้อยตอ | M61: CSB15-221 | N61: Fully | O61: 4 | P61: สระ 906301 | Q61: 650000 | R61: สระ 11 (บ่อบำบัด) | S61: ระบบ ไฟฟ้า | T61: น้ำหยด 3/ราดร่อง | U61: Fully | V61: 13 | W61: 6734 | X61: เผชิญ กาฬภักดี | Z61: 10.36 | AA61: อุปกรณ์ผู้รับเหมา+น้ำมันบริษัท | AC61: คู่ | AD61: 1.85 | AE61: เหนียว
A62: 1 | B62: กระทุ่ม 2 | C62: 13 | D62: 906 | E62: 921 | F62: 115 | G62: 906115 | H62: 46.03 | J62: 46.03 | K62: อ้อยตอ 2 | L62: อ้อยตอ | M62: CSB15-221/MPT-618 | N62: Fully | O62: 6 | P62: สระ 906301 | Q62: 650000 | R62: สระ 11 (บ่อบำบัด) | S62: ระบบ ไฟฟ้า | T62: น้ำหยด 3/ราดร่อง | U62: Fully | V62: 13 | W62: 29919.5 | X62: เผชิญ กาฬภักดี | Z62: 46.03 | AA62: อุปกรณ์ผู้รับเหมา+น้ำมันบริษัท | AC62: คู่ | AD62: 1.85 | AE62: เหนียว
A63: 1 | B63: กระทุ่ม 2 | C63: 14 | D63: 906 | E63: 1040 | F63: 116 | G63: 906116 | H63: 29.84 | J63: 29.84 | K63: อ้อยน้ำราด | L63: อ้อยปลูก | M63: KK-3 | N63: Fully | O63: 6 | P63: สระ 906301 | Q63: 650000 | R63: สระ 11 (บ่อบำบัด) | S63: ระบบ ไฟฟ้า | T63: น้ำหยด 3/ราดร่อง | U63: Fully | V63: 13 | W63: 19396 | X63: เผชิญ กาฬภักดี | Z63: 29.84 | AA63: อุปกรณ์ผู้รับเหมา+น้ำมันบริษัท | AC63: คู่ | AD63: 1.85 | AE63: เหนียว
A64: 1 | B64: กระทุ่ม 2 | C64: 15 | D64: 906 | E64: 926 | F64: 117 | G64: 906117 | H64: 13.01 | J64: 13.01 | K64: อ้อยตอ 1 | L64: อ้อยตอ | M64: MPT12-618,Csb08-108 | N64: Fully | O64: 4 | P64: สระ 906301 | Q64: 650000 | R64: สระ 11 (บ่อบำบัด) | S64: ระบบ ไฟฟ้า | T64: น้ำหยด 3/ราดร่อง | U64: Fully | V64: 13 | W64: 8456.5 | X64: เผชิญ กาฬภักดี | Z64: 13.01 | AA64: อุปกรณ์ผู้รับเหมา+น้ำมันบริษัท | AC64: คู่ | AD64: 1.85 | AE64: เหนียว
A65: 1 | B65: กระทุ่ม 2 | C65: 16 | D65: 906 | E65: 923/1 | F65: 118 | G65: 906118 | H65: 22.34 | J65: 22.34 | K65: อ้อยตอ 2 | L65: อ้อยตอ | M65: KK-3 | N65: Fully | O65: 6 | P65: สระ 906301 | Q65: 650000 | R65: สระ 11 (บ่อบำบัด) | S65: ระบบ ไฟฟ้า | T65: น้ำหยด 3/ราดร่อง | U65: Fully | V65: 13 | W65: 14521 | X65: ลำดวน เนียมปาน | Z65: 22.34 | AA65: อุปกรณ์ผู้รับเหมา+น้ำมันบริษัท | AC65: คู่ | AD65: 1.85 | AE65: เหนียว
A66: 1 | B66: กระทุ่ม 2 | C66: 17 | D66: 906 | E66: 922/1 | F66: 119 | G66: 906119 | H66: 27.33 | J66: 27.33 | K66: อ้อยตอ 2 | L66: อ้อยตอ | M66: CSB15-221/KK-3 | N66: Fully | O66: 4 | P66: สระ 906301 | Q66: 650000 | R66: สระ 11 (บ่อบำบัด) | S66: ระบบ ไฟฟ้า | T66: น้ำหยด 3/ราดร่อง | U66: Fully | V66: 13 | W66: 17764.5 | X66: ลำดวน เนียมปาน | Z66: 27.33 | AA66: อุปกรณ์ผู้รับเหมา+น้ำมันบริษัท | AC66: คู่ | AD66: 1.85 | AE66: เหนียว
A67: 1 | B67: กระทุ่ม 2 | C67: 18 | D67: 906 | E67: 924 | F67: 120 | G67: 906120 | H67: 17.46 | I67: 17.46 | K67: พักดิน | L67: พักดิน | M67: CSB15-221 | N67: Fully | O67: 4 | P67: สระ 906301 | Q67: 650000 | R67: สระ 11 (บ่อบำบัด) | S67: ระบบ ไฟฟ้า/เครื่องสูบน้ำ | T67: น้ำหยด 3/ราดร่อง | U67: Fully | V67: 13 | W67: 0 | X67: ลำดวน เนียมปาน | Z67: 17.46 | AA67: อุปกรณ์ผู้รับเหมา+น้ำมันบริษัท | AC67: คู่ | AD67: 1.85 | AE67: เหนียว
A68: 1 | B68: กระทุ่ม 2 | C68: 19 | D68: 906 | E68: 925 | F68: 121 | G68: 906121 | H68: 20.59 | J68: 20.59 | K68: อ้อยตอ 2 | L68: อ้อยตอ | M68: CSB15-221/KK-3 | N68: Fully | O68: 4 | P68: สระ 906301 | Q68: 650000 | R68: สระ 11 (บ่อบำบัด) | S68: ระบบ ไฟฟ้า/เครื่องสูบน้ำ | T68: น้ำหยด 3/ราดร่อง | U68: Fully | V68: 13 | W68: 13383.5 | X68: ลำดวน เนียมปาน | Z68: 20.59 | AA68: อุปกรณ์ผู้รับเหมา+น้ำมันบริษัท | AC68: คู่ | AD68: 1.85 | AE68: เหนียว
A69: 1 | B69: กระทุ่ม 2 | C69: 20 | D69: 906 | E69: 1038 | F69: 122 | G69: 906122 | H69: 4.68 | J69: 4.68 | K69: อ้อยตอ 1 | L69: อ้อยตอ | M69: MPT14-618 | N69: Fully | O69: 6 | P69: สระ 906301 | Q69: 650000 | R69: สระ 11 (บ่อบำบัด) | S69: ระบบ ไฟฟ้า/เครื่องสูบน้ำ | T69: น้ำหยด 3/ราดร่อง | U69: Fully | V69: 13 | W69: 3042 | X69: ลำดวน เนียมปาน | Z69: 4.68 | AA69: อุปกรณ์ผู้รับเหมา+น้ำมันบริษัท | AC69: คู่ | AD69: 1.85 | AE69: เหนียว
A70: 1 | B70: กระทุ่ม 2 | C70: 21 | D70: 906 | E70: 928 | F70: 123 | G70: 906123 | H70: 51.51 | J70: 51.51 | K70: อ้อยน้ำราด | L70: อ้อยปลูก | M70: KK-3,MPT-12-74,MPT-12-82,MPT 358 | N70: Fully | O70: 4 | P70: สระ 906301 | Q70: 650000 | R70: สระ 11 (บ่อบำบัด) | S70: ระบบ ไฟฟ้า/เครื่องสูบน้ำ | T70: น้ำหยด 3/ราดร่อง | U70: Fully | V70: 13 | W70: 33481.5 | X70: ลำดวน เนียมปาน | Z70: 51.51 | AA70: อุปกรณ์ผู้รับเหมา+น้ำมันบริษัท | AC70: คู่ | AD70: 1.85 | AE70: เหนียว
A71: 1 | B71: กระทุ่ม 2 | C71: 22 | D71: 906 | E71: 929 | F71: 124 | G71: 906124 | H71: 14.04 | J71: 14.04 | K71: อ้อยตอ 2 | L71: อ้อยตอ | M71: KK-3 | N71: Fully | O71: 4 | P71: สระ 906301 | Q71: 650000 | R71: สระ 11 (บ่อบำบัด) | S71: ระบบ ไฟฟ้า/เครื่องสูบน้ำ | T71: น้ำหยด 3/ราดร่อง | U71: Fully | V71: 13 | W71: 9126 | X71: ลำดวน เนียมปาน | Z71: 14.04 | AA71: อุปกรณ์ผู้รับเหมา+น้ำมันบริษัท | AC71: คู่ | AD71: 1.85 | AE71: เหนียว
A72: 1 | B72: กระทุ่ม 2 | C72: 23 | D72: 906 | E72: 938 | F72: 125 | G72: 906125 | H72: 35.41 | J72: 35.41 | K72: อ้อยตอ 1 | L72: อ้อยตอ | M72: CSB15-221,KK-3 | N72: Fully | O72: 4 | P72: สระ 906303 | Q72: 52000 | R72: สระ 906301 | S72: เครื่องยนต์สุบน้ำ | T72: น้ำหยดบนดิน Move | U72: Fully | V72: 6 | W72: 10623 | X72: ลำดวน เนียมปาน | Z72: 35.41 | AA72: อุปกรณ์ผู้รับเหมา+น้ำมันบริษัท | AC72: คู่ | AD72: 1.85 | AE72: เหนียว
A73: 1 | B73: กระทุ่ม 2 | C73: 24 | D73: 906 | E73: 937 | F73: 126 | G73: 906126 | H73: 33.56 | J73: 33.56 | K73: อ้อยตอ 1 | L73: อ้อยตอ | M73: CSB15-221 | N73: Fully | O73: 4 | P73: สระ 906303 | Q73: 52000 | R73: สระ 906301 | S73: เครื่องยนต์สุบน้ำ | T73: น้ำหยดบนดิน Move | U73: Fully | V73: 6 | W73: 10068 | X73: ลำดวน เนียมปาน | Z73: 33.56 | AA73: อุปกรณ์ผู้รับเหมา+น้ำมันบริษัท | AC73: คู่ | AD73: 1.85 | AE73: เหนียว
A74: 1 | B74: กระทุ่ม 2 | C74: 25 | D74: 906 | E74: 1036 | F74: 127 | G74: 906127 | H74: 13.48 | I74: 13.48 | K74: พักดิน | L74: พักดิน | M74: KK-3 | N74: Fully | O74: 4 | P74: สระ 906303 | Q74: 52000 | R74: สระ 906301 | S74: เครื่องยนต์สุบน้ำ | T74: น้ำหยดบนดิน Move | U74: Fully | V74: 6 | W74: 0 | X74: ลำดวน เนียมปาน | Z74: 13.48 | AA74: อุปกรณ์ผู้รับเหมา+น้ำมันบริษัท | AC74: คู่ | AD74: 1.85 | AE74: เหนียว
A75: 1 | B75: กระทุ่ม 2 | C75: 26 | D75: 906 | E75: 1033 | F75: 128 | G75: 906128 | H75: 47.09 | I75: 47.09 | K75: พักดิน | L75: พักดิน | M75: MPT14-618,KK3 | N75: Fully | O75: 4 | P75: สระ 906304 | Q75: 48000 | R75: สระ 906301 | S75: เครื่องยนต์สุบน้ำ | T75: น้ำหยดบนดิน Move | U75: Fully | V75: 6 | AC75: คู่ | AD75: 1.85 | AE75: เหนียว
A76: 1 | B76: กระทุ่ม 2 | C76: 27 | D76: 906 | E76: 934/1 | F76: 129 | G76: 906129 | H76: 66.12 | I76: 66.12 | K76: พักดิน | L76: พักดิน | M76: KK-3 | N76: Fully | O76: 4 | P76: สระ 906304 | Q76: 48000 | R76: สระ 906301 | S76: เครื่องยนต์สุบน้ำ | T76: น้ำหยดบนดิน Move | U76: Fully | V76: 6 | AC76: คู่ | AD76: 1.85 | AE76: เหนียว
A77: 1 | B77: กระทุ่ม 2 | C77: 28 | D77: 906 | E77: 1002 | F77: 130 | G77: 906130 | H77: 38.55 | J77: 38.55 | K77: อ้อยตุลาคม | L77: อ้อยปลูก | M77: KK-3 | N77: Fully | O77: 4 | P77: สระ 906301 | Q77: 650000 | R77: สระ 11 (บ่อบำบัด) | S77: ระบบ ไฟฟ้า | T77: น้ำหยด 3/ราดร่อง | U77: Fully | V77: 13 | W77: 25057.5 | X77: เรียง สูงปานเขา | Z77: 38.55 | AA77: อุปกรณ์ผู้รับเหมา+น้ำมันบริษัท | AC77: คู่ | AD77: 1.85 | AE77: เหนียว
A78: 1 | B78: กระทุ่ม 2 | C78: 29 | D78: 906 | E78: 1007 | F78: 131 | G78: 906131 | H78: 21.65 | J78: 21.65 | K78: อ้อยตุลาคม | L78: อ้อยปลูก | M78: KK-3 | N78: Fully | O78: 4 | P78: สระ 906301 | Q78: 650000 | R78: สระ 11 (บ่อบำบัด) | S78: ระบบ ไฟฟ้า | T78: น้ำหยด 3/ราดร่อง | U78: Fully | V78: 13 | W78: 14072.5 | X78: เรียง สูงปานเขา | Z78: 21.56 | AA78: อุปกรณ์ผู้รับเหมา+น้ำมันบริษัท | AC78: คู่ | AD78: 1.85 | AE78: เหนียว
A79: 1 | B79: กระทุ่ม 2 | C79: 30 | D79: 906 | E79: 1008 | F79: 132 | G79: 906132 | H79: 28.59 | J79: 28.59 | K79: อ้อยตุลาคม | L79: อ้อยปลูก | M79: KK-3 | N79: Fully | O79: 4 | P79: สระ 906301 | Q79: 650000 | R79: สระ 11 (บ่อบำบัด) | S79: ระบบ ไฟฟ้า | T79: น้ำหยด 3/ราดร่อง | U79: Fully | V79: 13 | W79: 18583.5 | X79: เรียง สูงปานเขา | Z79: 28.59 | AA79: อุปกรณ์ผู้รับเหมา+น้ำมันบริษัท | AC79: คู่ | AD79: 1.85 | AE79: เหนียว
A80: 1 | B80: กระทุ่ม 2 | C80: 31 | D80: 906 | E80: 1001 | F80: 133 | G80: 906133 | H80: 21.88 | J80: 21.88 | K80: อ้อยตุลาคม | L80: อ้อยปลูก | M80: KK-3 | N80: Fully | O80: 4 | P80: สระ 906301 | Q80: 650000 | R80: สระ 11 (บ่อบำบัด) | S80: ระบบ ไฟฟ้า | T80: น้ำหยด 3/ราดร่อง | U80: Fully | V80: 13 | W80: 14222 | X80: เรียง สูงปานเขา | Z80: 21.88 | AA80: อุปกรณ์ผู้รับเหมา+น้ำมันบริษัท | AC80: คู่ | AD80: 1.85 | AE80: เหนียว
A81: 1 | B81: กระทุ่ม 2 | C81: 32 | D81: 906 | E81: 1015 | F81: 134 | G81: 906134 | H81: 32.18 | J81: 32.18 | K81: อ้อยตุลาคม | L81: อ้อยปลูก | M81: PK-3 | N81: Fully | O81: 4 | P81: สระ 906301 | Q81: 650000 | R81: สระ 11 (บ่อบำบัด) | S81: ระบบ ไฟฟ้า | T81: น้ำหยด 3/สปริงเกอร์ | U81: Fully | V81: 13 | W81: 20917 | X81: เรียง สูงปานเขา | Z81: 32.18 | AA81: อุปกรณ์ผู้รับเหมา+น้ำมันบริษัท | AC81: คู่ | AD81: 1.85 | AE81: เหนียว
A82: 1 | B82: กระทุ่ม 2 | C82: 33 | D82: 906 | E82: 1017 | F82: 135 | G82: 906135 | H82: 18.57 | J82: 18.57 | K82: อ้อยตุลาคม | L82: อ้อยปลูก | M82: KK-3 | N82: Fully | O82: 4 | P82: สระ 906301 | Q82: 650000 | R82: สระ 11 (บ่อบำบัด) | S82: ระบบ ไฟฟ้า | T82: น้ำหยด 3/สปริงเกอร์ | U82: Fully | V82: 13 | W82: 12070.5 | X82: เรียง สูงปานเขา | Z82: 18.57 | AA82: อุปกรณ์ผู้รับเหมา+น้ำมันบริษัท | AC82: คู่ | AD82: 1.85 | AE82: เหนียว
A83: 1 | B83: กระทุ่ม 2 | C83: 34 | D83: 906 | E83: 1013 | F83: 136 | G83: 906136 | H83: 20.33 | J83: 20.33 | K83: อ้อยตุลาคม | L83: อ้อยปลูก | M83: KK-3 | N83: Fully | O83: 4 | P83: สระ 906301 | Q83: 650000 | R83: สระ 11 (บ่อบำบัด) | S83: ระบบ ไฟฟ้า | T83: น้ำหยด 3/สปริงเกอร์ | U83: Fully | V83: 13 | W83: 13214.5 | X83: ณรงค์ กาฬภักดี | Y83: 1 | Z83: 20.33 | AA83: อุปกรณ์ผู้รับเหมา+น้ำมันบริษัท | AB83: 2 | AC83: คู่ | AD83: 1.85 | AE83: เหนียว
A84: 1 | B84: กระทุ่ม 2 | C84: 35 | D84: 906 | E84: 1041 | F84: 137 | G84: 906137 | H84: 39.53 | J84: 39.53 | K84: อ้อยตอ 1 | L84: อ้อยตอ | M84: MPT14-618 | N84: Fully | O84: 4 | P84: สระ 906307 (OASIS2) | Q84: 750000 | R84: สระ 11 (บ่อบำบัด) | S84: เครื่องยนต์สุบน้ำ | T84: น้ำหยด 3/ราดร่อง | U84: Fully | V84: 13 | W84: 25694.5 | X84: ณรงค์ กาฬภักดี | Z84: 39.53 | AA84: อุปกรณ์ผู้รับเหมา+น้ำมันบริษัท | AB84: 2 | AC84: คู่ | AD84: 1.85 | AE84: เหนียว
A85: 1 | B85: กระทุ่ม 2 | C85: 36 | D85: 906 | E85: 1020 | F85: 138 | G85: 906138 | H85: 33.6 | J85: 33.6 | K85: อ้อยตุลาคม | L85: อ้อยปลูก | M85: KK-3 | N85: Fully | O85: 6 | P85: สระ 906305 | Q85: 183000 | R85: น้ำฝน | S85: โรงสูบน้ำ Solar Cell | T85: น้ำหยด 3/สปริงเกอร์ | U85: Fully | V85: 11 | W85: 18480 | X85: สามารถ กลิ่นสายทอง | Z85: 33.6 | AA85: อุปกรณ์ผู้รับเหมา+น้ำมันบริษัท | AC85: คู่ | AD85: 1.85 | AE85: เหนียว
A86: 1 | B86: กระทุ่ม 2 | C86: 37 | D86: 906 | E86: 1019 | F86: 139 | G86: 906139 | H86: 19.51 | J86: 19.51 | K86: อ้อยตุลาคม | L86: อ้อยปลูก | M86: KK-3 | N86: Fully | O86: 6 | P86: สระ 906305 | Q86: 183000 | R86: น้ำฝน | S86: โรงสูบน้ำ Solar Cell | T86: น้ำหยด 3/สปริงเกอร์ | U86: Fully | V86: 11 | W86: 10730.5 | X86: สามารถ กลิ่นสายทอง | Z86: 19.51 | AA86: อุปกรณ์ผู้รับเหมา+น้ำมันบริษัท | AC86: คู่ | AD86: 1.85 | AE86: เหนียว
A87: 1 | B87: กระทุ่ม 2 | C87: 38 | D87: 906 | E87: 1014 | F87: 140 | G87: 906140 | H87: 37.54 | J87: 37.54 | K87: อ้อยตุลาคม | L87: อ้อยปลูก | M87: KK-3 | N87: Fully | O87: 6 | P87: สระ 906305 | Q87: 183000 | R87: น้ำฝน | S87: โรงสูบน้ำ Solar Cell | T87: น้ำหยด 3/สปริงเกอร์ | U87: Fully | V87: 11 | W87: 20647 | X87: ณรงค์ กาฬภักดี | Z87: 37.54 | AA87: อุปกรณ์ผู้รับเหมา+น้ำมันบริษัท | AB87: 2 | AC87: คู่ | AD87: 1.85 | AE87: เหนียว
A88: 1 | B88: กระทุ่ม 2 | C88: 39 | D88: 906 | E88: 1018 | F88: 141 | G88: 906141 | H88: 17.63 | I88: 17.63 | K88: พักดิน | L88: พักดิน | M88: MPT14-618 | N88: Fully | O88: 4 | P88: สระ 906307 (OASIS2) | Q88: 750000 | R88: สระ 11 (บ่อบำบัด) | S88: เครื่องยนต์สุบน้ำ | T88: น้ำหยด 3/ราดร่อง | U88: Fully | V88: 13 | W88: 0 | X88: ณรงค์ กาฬภักดี | Z88: 17.63 | AA88: อุปกรณ์ผู้รับเหมา+น้ำมันบริษัท | AB88: 2 | AC88: คู่ | AD88: 1.85 | AE88: เหนียว
A89: 1 | B89: กระทุ่ม 2 | C89: 40 | D89: 906 | E89: 1022 | F89: 142 | G89: 906142 | H89: 13.79 | J89: 13.79 | K89: อ้อยตุลาคม | L89: อ้อยปลูก | M89: MPT-442 | N89: Fully | O89: 6 | P89: สระ 906305 | Q89: 183000 | R89: น้ำฝน | S89: โรงสูบน้ำ Solar Cell | T89: น้ำหยด 3/ราดร่อง | U89: Fully | V89: 11 | W89: 7584.5 | X89: สามารถ กลิ่นสายทอง | Z89: 13.79 | AA89: อุปกรณ์ผู้รับเหมา+น้ำมันบริษัท | AC89: คู่ | AD89: 1.85 | AE89: เหนียว
A90: 1 | B90: กระทุ่ม 2 | C90: 41 | D90: 906 | E90: 1028 | F90: 143 | G90: 906143 | H90: 15.78 | J90: 15.78 | K90: อ้อยตุลาคม | L90: อ้อยปลูก | M90: KK-3 | N90: Fully | O90: 6 | P90: สระ 906305 | Q90: 183000 | R90: น้ำฝน | S90: โรงสูบน้ำ Solar Cell | T90: น้ำหยด 3/ราดร่อง | U90: Fully | V90: 11 | W90: 8679 | X90: สามารถ กลิ่นสายทอง | Z90: 15.78 | AA90: อุปกรณ์ผู้รับเหมา+น้ำมันบริษัท | AC90: คู่ | AD90: 1.85 | AE90: เหนียว
A91: 1 | B91: กระทุ่ม 2 | C91: 40 | D91: 906 | E91: 1042 | F91: 144 | G91: 906144 | H91: 57.22 | J91: 57.22 | K91: อ้อยตอ 1 | L91: อ้อยตอ | M91: MPT2542 | N91: sup | O91: 3 | P91: สระ 10 (บำบัด) | R91: สระโรงงาน(บ่อบำบัด) | S91: ระบบ ไฟฟ้า | T91: น้ำหยด 3/สปริงเกอร์ | U91: Fully | V91: 15 | W91: 42915 | X91: สามารถ กลิ่นสายทอง | Z91: 57.22 | AA91: อุปกรณ์ผู้รับเหมา+น้ำมันบริษัท | AC91: คู่ | AD91: 1.85 | AE91: ทราย
A92: 1 | B92: กระทุ่ม 2 | C92: 41 | D92: 906 | E92: 1043 | F92: 145 | G92: 906145 | H92: 51.99 | J92: 51.99 | K92: อ้อยตอ 1 | L92: อ้อยตอ | M92: MPT12561,MPT1782,MPT12-74,MPT12-618,CSB08-108 | N92: sup | O92: 3 | P92: สระ 10 (บำบัด) | R92: สระโรงงาน(บ่อบำบัด) | S92: ระบบ ไฟฟ้า | T92: น้ำหยด 3/สปริงเกอร์ | U92: Fully | V92: 15 | W92: 38992.5 | X92: เรียง สูงปานเขา | Z92: 60.49 | AA92: อุปกรณ์ผู้รับเหมา | AC92: คู่ | AD92: 1.85 | AE92: ทราย
A93: 1 | B93: กระทุ่ม 2 | C93: 42 | D93: 906 | E93: 1032 | F93: 146 | G93: 906146 | H93: 6.75 | I93: 6.75 | K93: พักดิน | L93: พักดิน | M93: MPT 12-74 | N93: sup | O93: 3 | P93: สระ 1032 | Q93: 7000 | S93: เครื่องยนต์สุบน้ำ | T93: น้ำหยดบนดิน Move | U93: sup | V93: 3 | AC93: คู่ | AD93: 1.85 | AE93: เหนียว
A94: 1 | B94: กระทุ่ม 2 | C94: 43 | D94: 906 | E94: 724 | F94: 147 | G94: 906147 | H94: 4.53 | J94: 4.53 | K94: อ้อยตอ 1 | L94: อ้อยตอ | M94: Csb08-108 | N94: Fully | O94: 4 | P94: สระ 906306 | Q94: 161000 | R94: น้ำฝน | S94: เครื่องยนต์สูบน้ำ/Solar Mobile | T94: น้ำหยด 3/ราดร่อง | U94: Fully | V94: 9 | W94: 2038.5 | X94: วิภา ยมมาก | Z94: 4.53 | AA94: อุปกรณ์ผู้รับเหมา+น้ำมันบริษัท | AC94: คู่ | AD94: 1.85 | AE94: เหนียว
A95: 1 | B95: กระทุ่ม 2 | C95: 44 | D95: 906 | E95: 723 | F95: 148 | G95: 906148 | H95: 6.83 | J95: 6.83 | K95: อ้อยตอ 1 | L95: อ้อยตอ | M95: MPT14-618 | N95: Fully | O95: 4 | P95: สระ 906306 | Q95: 161000 | R95: น้ำฝน | S95: เครื่องยนต์สูบน้ำ/Solar Mobile | T95: น้ำหยด 3/ราดร่อง | U95: Fully | V95: 9 | W95: 3073.5 | X95: วิภา ยมมาก | Z95: 6.83 | AA95: อุปกรณ์ผู้รับเหมา+น้ำมันบริษัท | AC95: เดี่ยว | AD95: 1.75 | AE95: เหนียว
A96: 1 | B96: กระทุ่ม 2 | C96: 45 | D96: 906 | E96: 727 | F96: 149 | G96: 906149 | H96: 9.81 | J96: 9.81 | K96: อ้อยตอ 1 | L96: อ้อยตอ | M96: MPT12-74 | N96: Fully | O96: 4 | P96: สระ 906306 | Q96: 161000 | R96: น้ำฝน | S96: เครื่องยนต์สูบน้ำ/Solar Mobile | T96: น้ำหยด 3/ราดร่อง | U96: Fully | V96: 9 | W96: 4414.5 | X96: วิภา ยมมาก | Z96: 9.81 | AA96: อุปกรณ์ผู้รับเหมา+น้ำมันบริษัท | AC96: เดี่ยว | AD96: 1.75 | AE96: เหนียว
A97: 1 | B97: กระทุ่ม 2 | C97: 46 | D97: 906 | E97: 728 | F97: 150 | G97: 906150 | H97: 9.56 | J97: 9.56 | K97: อ้อยตอ 1 | L97: อ้อยตอ | M97: MPT12-74 | N97: Fully | O97: 4 | P97: สระ 906306 | Q97: 161000 | R97: น้ำฝน | S97: เครื่องยนต์สูบน้ำ/Solar Mobile | T97: น้ำหยด 3/ราดร่อง | U97: Fully | V97: 9 | W97: 4302 | X97: วิภา ยมมาก | Z97: 9.56 | AA97: อุปกรณ์ผู้รับเหมา+น้ำมันบริษัท | AC97: เดี่ยว | AD97: 1.75 | AE97: เหนียว
A98: 1 | B98: กระทุ่ม 2 | C98: 47 | D98: 906 | E98: 730 | F98: 151 | G98: 906151 | H98: 29.32 | J98: 29.32 | K98: อ้อยตอ 1 | L98: อ้อยตอ | M98: MPT12-74/MPT14-618 | N98: sup | O98: 3 | P98: สระ 906306 | Q98: 161000 | R98: น้ำฝน | S98: เครื่องยนต์สูบน้ำ/Solar Mobile | T98: น้ำหยด 3/ราดร่อง | U98: Fully | V98: 9 | W98: 13194 | X98: วิภา ยมมาก | Z98: 29.32 | AA98: อุปกรณ์ผู้รับเหมา+น้ำมันบริษัท | AC98: เดี่ยว | AD98: 1.75 | AE98: เหนียว
A99: 1 | B99: กระทุ่ม 2 | C99: 48 | D99: 906 | E99: 1039 | F99: 152 | G99: 906152 | H99: 8 | J99: 8 | K99: อ้อยตอ 1 | L99: อ้อยตอ | M99: MPT14-618 | N99: Fully | O99: 4 | P99: สระ 906306 | Q99: 161000 | R99: น้ำฝน | S99: เครื่องยนต์สูบน้ำ/Solar Mobile | T99: น้ำหยด 3/ราดร่อง | U99: Fully | V99: 9 | W99: 3600 | X99: วิภา ยมมาก | Z99: 8 | AA99: อุปกรณ์ผู้รับเหมา+น้ำมันบริษัท | AC99: คู่ | AD99: 1.75 | AE99: เหนียว
A100: 1 | B100: กระทุ่ม 2 | C100: 49 | D100: 906 | E100: 1034 | F100: 153 | G100: 906153 | H100: 42.09 | J100: 42.09 | K100: อ้อยตอ 1 | L100: อ้อยตอ | M100: MPT14-618 | N100: Fully | O100: 4 | P100: สระ 906306 | Q100: 161000 | R100: น้ำฝน | S100: เครื่องยนต์สูบน้ำ/Solar Mobile | T100: น้ำหยด 3/ราดร่อง | U100: Fully | V100: 9 | W100: 18940.5 | X100: วิภา ยมมาก | Z100: 42.09 | AA100: อุปกรณ์ผู้รับเหมา+น้ำมันบริษัท | AC100: คู่ | AD100: 1.75 | AE100: เหนียว
A101: 1 | B101: กระทุ่ม 2 | C101: 50 | D101: 906 | E101: 741 | F101: 154 | G101: 906154 | H101: 18.67 | J101: 18.67 | K101: อ้อยตอ 1 | L101: อ้อยตอ | M101: MPT14-618 | N101: Fully | O101: 4 | P101: สระ 906306 | Q101: 161000 | R101: น้ำฝน | S101: เครื่องยนต์สูบน้ำ/Solar Mobile | T101: น้ำหยด 3/ราดร่อง | U101: Fully | V101: 9 | W101: 8401.5 | X101: วิภา ยมมาก | Z101: 18.67 | AA101: อุปกรณ์ผู้รับเหมา+น้ำมันบริษัท | AC101: เดี่ยว | AD101: 1.75 | AE101: เหนียว
...

Sheet วิเคราะห์ดินปี59-63
A1: ผลวเคราะห์ดินทั้งหมดของไร่ด่านช้าง ( ปี 59-61 ) | U1: สูตรปุ๋ยแนะนำตามค่าวิเคราะห์ดินอ้อยปลูก
A2: ลำดับที่ | B2: ปี | C2: ชื่อไร่ | D2: หมายเลขแปลง | F2: ผลการวิเคราะห์ | R2: อ้อยปลูก (กก./ไร่) | U2: สูตรรองพื้น | Y2: อัตรา (กก/ไร่) | Z2: สูตรแต่งหน้า | AD2: อัตรา (กก/ไร่) | AE2: ธาตุอาหารที่ได้ (กก/ไร่) | AH2: ความต้องการธาตุอาหารอ้อยตอ ( กก./ไร่) | AK2: สูตร/อัตรา รองพื้น ( อ้อยตอ ) | AN2: รองพื้น | AO2: อัตรา ( กก./ไร่) | AP2: สูตร/อัตรา, แต่งหน้าอ้อยตอ | AS2: อัตรา ( กก./ไร่ ) | AT2: ปริมาณธาตุอาหารอ้อบตอ ( กก./ไร่ )
F3: pH | G3: pH-Level | H3: EC saturated (dS/m) | I3: OM (%) | J3: OM-Level | K3: P (ppm) | L3: P-Level | M3: K (ppm) | N3: K-Level | O3: Ca (ppm) | P3: Mg (ppm) | Q3: Na (ppm) | R3: N | S3: P | T3: K | U3: N | V3: P | W3: K | Z3: N | AA3: P | AB3: K | AE3: N | AF3: P | AG3: K | AH3: N | AI3: P | AJ3: K | AK3: N | AL3: P | AM3: K | AP3: N | AQ3: P | AR3: K | AT3: N | AU3: P | AV3: K
A4: 3 | B4: 59 | C4: ไร่หนองขอน | D4: 874 | E4: =VLOOKUP(D4,รายแปลง!E:G,3,FALSE) -> 903118 | F4: 8.18 | G4: ด่างอ่อน | H4: 3.63256 | I4: 1.4734137 | J4: ต่ำ | K4: 22.436111 | L4: ปานกลาง | M4: 273.6147 | N4: สูงมาก | O4: 5094.9553 | P4: 167.84176 | Q4: 265.67712 | R4: 15 | S4: 9 | T4: 10 | U4: 16 | V4: 16 | W4: 8 | X4: 16-16-8 | Y4: 50 | Z4: 21 | AA4: 7 | AB4: 18 | AC4: 21-7-18 | AD4: 50 | AE4: 18.5 | AF4: 11.5 | AG4: 13
A5: 4 | B5: 59 | C5: ไร่หนองขอน | D5: 875 | E5: =VLOOKUP(D5,รายแปลง!E:G,3,FALSE) -> 903119 | F5: 7.95 | G5: ด่างอ่อน | H5: 5.34364 | I5: 2.5114673 | J5: สูง | K5: 68.465562 | L5: สูง | M5: 360.76753 | N5: สูงมาก | O5: 4751.8287 | P5: 167.05023 | Q5: 535.00748 | R5: 12 | S5: 6 | T5: 10 | U5: 16 | V5: 8 | W5: 8 | X5: 16-8-8 | Y5: 50 | Z5: 21 | AA5: 7 | AB5: 18 | AC5: 21-7-18 | AD5: 50 | AE5: 18.5 | AF5: 7.5 | AG5: 13
A6: 5 | B6: 59 | C6: ไร่หนองขอน | D6: 877 | E6: =VLOOKUP(D6,รายแปลง!E:G,3,FALSE) -> 903123 | F6: 8.545 | G6: ด่างแก่ | H6: 7.91908 | I6: 2.1810164 | J6: ปานกลาง | K6: 34.053236 | L6: ปานกลาง | M6: 416.61393 | N6: สูงมาก | O6: 3506.9292 | P6: 161.6241 | Q6: 866.99507 | R6: 12 | S6: 6 | T6: 10 | U6: 16 | V6: 8 | W6: 8 | X6: 16-8-8 | Y6: 50 | Z6: 21 | AA6: 7 | AB6: 18 | AC6: 21-7-18 | AD6: 50 | AE6: 18.5 | AF6: 7.5 | AG6: 13
A7: 8 | B7: 59 | C7: ไร่หนองขอน | D7: 2003 | E7: =VLOOKUP(D7,รายแปลง!E:G,3,FALSE) -> 901140 | F7: 8.3 | G7: ด่างอ่อน | H7: 4.21468 | I7: 1.1681576 | J7: ต่ำ | K7: 172.64362 | L7: สูง | M7: 471.24347 | N7: สูงมาก | O7: 3864.8697 | P7: 157.36324 | Q7: 87.815776 | R7: 15 | S7: 6 | T7: 10 | U7: 16 | V7: 8 | W7: 8 | X7: 16-8-8 | Y7: 50 | Z7: 21 | AA7: 7 | AB7: 18 | AC7: 21-7-18 | AD7: 50 | AE7: 18.5 | AF7: 7.5 | AG7: 13
A8: 9 | B8: 59 | C8: ไร่หนองขอน | D8: 2004 | E8: =VLOOKUP(D8,รายแปลง!E:G,3,FALSE) -> 901139 | F8: 8.195 | G8: ด่างอ่อน | H8: 4.74976 | I8: 1.2378433 | J8: ต่ำ | K8: 176.09857 | L8: สูง | M8: 457.42047 | N8: สูงมาก | O8: 3796.0841 | P8: 171.99397 | Q8: 63.872538 | R8: 15 | S8: 6 | T8: 10 | U8: 16 | V8: 8 | W8: 8 | X8: 16-8-8 | Y8: 50 | Z8: 21 | AA8: 7 | AB8: 18 | AC8: 21-7-18 | AD8: 50 | AE8: 18.5 | AF8: 7.5 | AG8: 13
A9: 10 | B9: 59 | C9: ไร่หนองขอน | D9: 2006 | E9: =VLOOKUP(D9,รายแปลง!E:G,3,FALSE) -> 901136 | F9: 8.43 | G9: ด่างแก่ | H9: 4.37344 | I9: 0.83368771 | J9: ต่ำมาก | K9: 186.93631 | L9: สูง | M9: 240.74227 | N9: สูงมาก | O9: 2949.261 | P9: 200.4374 | Q9: 294.63865 | R9: 18 | S9: 6 | T9: 10 | U9: 16 | V9: 16 | W9: 8 | X9: 16-16-8 | Y9: 50 | Z9: 21 | AA9: 7 | AB9: 18 | AC9: 21-7-18 | AD9: 50 | AE9: 18.5 | AF9: 11.5 | AG9: 13
A10: 11 | B10: 59 | C10: ไร่หนองขาม | D10: 206 | E10: =VLOOKUP(D10,รายแปลง!E:G,3,FALSE) -> 911101 | F10: 6.675 | G10: ปานกลาง | H10: 2.169616 | I10: 0.40197366 | J10: ต่ำมาก | K10: 20.026872 | L10: ปานกลาง | M10: 114.05966 | N10: สูง | O10: 256.70574 | P10: 75.994081 | Q10: 33.134139 | R10: 18 | S10: 9 | T10: 10 | U10: 16 | V10: 16 | W10: 8 | X10: 16-16-8 | Y10: 50 | Z10: 21 | AA10: 7 | AB10: 18 | AC10: 21-7-18 | AD10: 50 | AE10: 18.5 | AF10: 11.5 | AG10: 13
A11: 17 | B11: 59 | C11: ไร่หนองขาม | D11: 230 | E11: =VLOOKUP(D11,รายแปลง!E:G,3,FALSE) -> 911113 | F11: 7.92 | G11: ด่างอ่อน | H11: 4.69684 | I11: 1.0322084 | J11: ต่ำ | K11: 54.5043 | L11: สูง | M11: 291.87989 | N11: สูงมาก | O11: 3132.6882 | P11: 392.6995 | Q11: 218.83461 | R11: 15 | S11: 6 | T11: 10 | U11: 16 | V11: 8 | W11: 8 | X11: 16-8-8 | Y11: 50 | Z11: 21 | AA11: 7 | AB11: 18 | AC11: 21-7-18 | AD11: 50 | AE11: 18.5 | AF11: 7.5 | AG11: 13
A12: 18 | B12: 59 | C12: ไร่หนองขาม | D12: 233 | E12: =VLOOKUP(D12,รายแปลง!E:G,3,FALSE) -> 911118 | F12: 6.335 | G12: ปานกลาง | H12: 4.58512 | I12: 1.1743419 | J12: ต่ำ | K12: 16.557215 | L12: ต่ำ | M12: 356.30754 | N12: สูงมาก | O12: 1790.271 | P12: 163.6361 | Q12: 412.81591 | R12: 15 | S12: 9 | T12: 10 | U12: 16 | V12: 16 | W12: 8 | X12: 16-16-8 | Y12: 50 | Z12: 21 | AA12: 7 | AB12: 18 | AC12: 21-7-18 | AD12: 50 | AE12: 18.5 | AF12: 11.5 | AG12: 13
A13: 19 | B13: 59 | C13: ไร่หนองขาม | D13: 234 | E13: =VLOOKUP(D13,รายแปลง!E:G,3,FALSE) -> 911116 | F13: 8.04 | G13: ด่างอ่อน | H13: 4.01476 | I13: 1.0277491 | J13: ต่ำ | K13: 32.930435 | L13: ปานกลาง | M13: 327.63425 | N13: สูงมาก | O13: 3997.0917 | P13: 144.23807 | Q13: 83.525312 | R13: 15 | S13: 6 | T13: 10 | U13: 16 | V13: 8 | W13: 8 | X13: 16-8-8 | Y13: 50 | Z13: 21 | AA13: 7 | AB13: 18 | AC13: 21-7-18 | AD13: 50 | AE13: 18.5 | AF13: 7.5 | AG13: 13
A14: 20 | B14: 59 | C14: ไร่หนองขาม | D14: 235 | E14: =VLOOKUP(D14,รายแปลง!E:G,3,FALSE) -> 911117 | F14: 7.685 | G14: ด่างอ่อน | H14: 5.48476 | I14: 1.327821 | J14: ต่ำ | K14: 36.800157 | L14: ปานกลาง | M14: 313.41397 | N14: สูงมาก | O14: 2592.803 | P14: 195.03624 | Q14: 90.525309 | R14: 15 | S14: 6 | T14: 10 | U14: 16 | V14: 8 | W14: 8 | X14: 16-8-8 | Y14: 50 | Z14: 21 | AA14: 7 | AB14: 18 | AC14: 21-7-18 | AD14: 50 | AE14: 18.5 | AF14: 7.5 | AG14: 13
A15: 21 | B15: 59 | C15: ไร่หนองขาม | D15: 239 | E15: =VLOOKUP(D15,รายแปลง!E:G,3,FALSE) -> 911119 | F15: 7.33 | G15: ด่างอ่อน | H15: 2.7682 | I15: 1.4997607 | J15: ต่ำ | K15: 19.178002 | L15: ต่ำ | M15: 242.80027 | N15: สูงมาก | O15: 2246.6432 | P15: 399.69616 | Q15: 42.254397 | R15: 15 | S15: 9 | T15: 10 | U15: 16 | V15: 16 | W15: 8 | X15: 16-16-8 | Y15: 50 | Z15: 21 | AA15: 7 | AB15: 18 | AC15: 21-7-18 | AD15: 50 | AE15: 18.5 | AF15: 11.5 | AG15: 13
... A66: 132 | B66: 59 | C66: ไร่เขาแหลม | D66: 1229 | E66: =VLOOKUP(D66,รายแปลง!E:G,3,FALSE) -> 907124 | F66: 7.75 | G66: ด่างอ่อน | H66: 4.7086 | I66: 2.2921866 | J66: ปานกลาง | K66: 32.024985 | L66: ปานกลาง | M66: 226.62367 | N66: สูงมาก | O66: 6631.7307 | P66: 75.854397 | Q66: 1792.8017 | R66: 12 | S66: 6 | T66: 10 | U66: 16 | V66: 8 | W66: 8 | X66: 16-8-8 | Y66: 50 | Z66: 21 | AA66: 7 | AB66: 18 | AC66: 21-7-18 | AD66: 50 | AE66: 18.5 | AF66: 7.5 | AG66: 13
A67: 139 | B67: 59 | C67: ไร่หนองกระทุ่ม1 | D67: 617 | E67: =VLOOKUP(D67,รายแปลง!E:G,3,FALSE) -> 902111 | F67: 7.57 | G67: ด่างอ่อน | H67: 0.46 | I67: 0.535 | J67: ต่ำมาก | K67: 21.33 | L67: ปานกลาง | M67: 49.89 | N67: ต่ำ | Q67: 211.22 | R67: 18 | S67: 9 | T67: 15 | U67: 16 | V67: 16 | W67: 8 | X67: 16-16-8 | Y67: 50 | Z67: 20 | AA67: 8 | AB67: 20 | AC67: 20-8-20 | AD67: 50 | AE67: 18 | AF67: 12 | AG67: 14
A68: 140 | B68: 59 | C68: ไร่หนองกระทุ่ม1 | D68: 620 | E68: =VLOOKUP(D68,รายแปลง!E:G,3,FALSE) -> 902106 | F68: 7.21 | G68: ปานกลาง | H68: 0.31 | I68: 0.799 | J68: ต่ำมาก | K68: 69.63 | L68: สูง | M68: 91.23 | N68: สูง | R68: 18 | S68: 6 | T68: 10 | U68: 16 | V68: 16 | W68: 8 | X68: 16-16-8 | Y68: 50 | Z68: 21 | AA68: 7 | AB68: 18 | AC68: 21-7-18 | AD68: 50 | AE68: 18.5 | AF68: 11.5 | AG68: 13
A69: 142 | B69: 59 | C69: ไร่หนองกระทุ่ม1 | D69: 634 | E69: =VLOOKUP(D69,รายแปลง!E:G,3,FALSE) -> 902101 | F69: 7.97 | G69: ด่างอ่อน | H69: 0.14 | I69: 0.778 | J69: ต่ำมาก | K69: 103.36 | L69: สูง | M69: 116.3 | N69: สูง | Q69: 267.95 | R69: 18 | S69: 6 | T69: 10 | U69: 16 | V69: 16 | W69: 8 | X69: 16-16-8 | Y69: 50 | Z69: 21 | AA69: 7 | AB69: 18 | AC69: 21-7-18 | AD69: 50 | AE69: 18.5 | AF69: 11.5 | AG69: 13
A70: 148 | B70: 59 | C70: ไร่หนองกระทุ่ม1 | D70: 711 | E70: =VLOOKUP(D70,รายแปลง!E:G,3,FALSE) -> 902136 | F70: 7.83 | G70: ด่างอ่อน | H70: 0.19 | I70: 0.634 | J70: ต่ำมาก | K70: 108.32 | L70: สูง | M70: 39.25 | N70: ต่ำ | Q70: 133.63 | R70: 18 | S70: 6 | T70: 15 | U70: 16 | V70: 8 | W70: 8 | X70: 16-8-8 | Y70: 50 | Z70: 20 | AA70: 8 | AB70: 20 | AC70: 20-8-20 | AD70: 50 | AE70: 18 | AF70: 8 | AG70: 14
A71: 149 | B71: 59 | C71: ไร่หนองกระทุ่ม1 | D71: 714 | E71: =VLOOKUP(D71,รายแปลง!E:G,3,FALSE) -> 902123 | F71: 7.81 | G71: ด่างอ่อน | H71: 0.39 | I71: 1.616 | J71: ปานกลาง | K71: 444.22 | L71: สูง | M71: 127.23 | N71: สูงมาก | Q71: 348.48 | R71: 15 | S71: 6 | T71: 10 | U71: 16 | V71: 8 | W71: 8 | X71: 16-8-8 | Y71: 50 | Z71: 21 | AA71: 7 | AB71: 18 | AC71: 21-7-18 | AD71: 50 | AE71: 18.5 | AF71: 7.5 | AG71: 13
A72: 150 | B72: 59 | C72: ไร่หนองกระทุ่ม1 | D72: 715 | E72: =VLOOKUP(D72,รายแปลง!E:G,3,FALSE) -> 902124 | F72: 7.07 | G72: ปานกลาง | H72: 0.26 | I72: 1.232 | J72: ต่ำ | K72: 336.7 | L72: สูง | M72: 76.41 | N72: ปานกลาง | Q72: 225.69 | R72: 15 | S72: 6 | T72: 12 | U72: 16 | V72: 16 | W72: 8 | X72: 16-16-8 | Y72: 50 | Z72: 15 | AA72: 7 | AB72: 18 | AC72: 15-7-18 | AD72: 50 | AE72: 15.5 | AF72: 11.5 | AG72: 13
A73: 151 | B73: 59 | C73: ไร่หนองกระทุ่ม1 | D73: 718 | E73: =VLOOKUP(D73,รายแปลง!E:G,3,FALSE) -> 902116 | F73: 8.21 | G73: ด่างอ่อน | H73: 0.33 | I73: 0.684 | J73: ต่ำมาก | K73: 70.32 | L73: สูง | M73: 51.49 | N73: ต่ำ | Q73: 450.95 | R73: 18 | S73: 6 | T73: 15 | U73: 16 | V73: 8 | W73: 8 | X73: 16-8-8 | Y73: 50 | Z73: 20 | AA73: 8 | AB73: 20 | AC73: 20-8-20 | AD73: 50 | AE73: 18 | AF73: 8 | AG73: 14
A74: 152 | B74: 59 | C74: ไร่หนองกระทุ่ม1 | D74: 719 | E74: =VLOOKUP(D74,รายแปลง!E:G,3,FALSE) -> 902117 | F74: 6.84 | G74: ปานกลาง | H74: 0.071 | I74: 0.696 | J74: ต่ำมาก | K74: 75.86 | L74: สูง | M74: 64.11 | N74: ปานกลาง | Q74: 133.37 | R74: 18 | S74: 6 | T74: 12 | U74: 16 | V74: 16 | W74: 8 | X74: 16-16-8 | Y74: 50 | Z74: 21 | AA74: 7 | AB74: 18 | AC74: 21-7-18 | AD74: 50 | AE74: 18.5 | AF74: 11.5 | AG74: 13
A75: 153 | B75: 59 | C75: ไร่หนองกระทุ่ม1 | D75: 720 | E75: =VLOOKUP(D75,รายแปลง!E:G,3,FALSE) -> 902118 | F75: 7.3 | G75: ปานกลาง | H75: 0.18 | I75: 1.101 | J75: ต่ำ | K75: 180.44 | L75: สูง | M75: 126.69 | N75: สูงมาก | Q75: 253.21 | R75: 15 | S75: 6 | T75: 10 | U75: 16 | V75: 8 | W75: 8 | X75: 16-8-8 | Y75: 50 | Z75: 21 | AA75: 7 | AB75: 18 | AC75: 21-7-18 | AD75: 50 | AE75: 18.5 | AF75: 7.5 | AG75: 13
A76: 154 | B76: 59 | C76: ไร่หนองกระทุ่ม1 | D76: 732 | E76: =VLOOKUP(D76,รายแปลง!E:G,3,FALSE) -> 902132 | F76: 7.03 | G76: ปานกลาง | H76: 0.23 | I76: 0.585 | J76: ต่ำมาก | K76: 30.11 | L76: ปานกลาง | M76: 64.5 | N76: ปานกลาง | Q76: 187.52 | R76: 18 | S76: 6 | T76: 12 | U76: 16 | V76: 16 | W76: 8 | X76: 16-16-8 | Y76: 50 | Z76: 21 | AA76: 7 | AB76: 18 | AC76: 21-7-18 | AD76: 50 | AE76: 18.5 | AF76: 11.5 | AG76: 13
A77: 155 | B77: 59 | C77: ไร่หนองกระทุ่ม1 | D77: 733 | E77: =VLOOKUP(D77,รายแปลง!E:G,3,FALSE) -> 902133 | F77: 8 | G77: ด่างอ่อน | H77: 0.25 | I77: 0.446 | J77: ต่ำมาก | K77: 35.69 | L77: ปานกลาง | M77: 241.46 | N77: สูงมาก | Q77: 471.99 | R77: 18 | S77: 6 | T77: 10 | U77: 16 | V77: 16 | W77: 8 | X77: 16-16-8 | Y77: 50 | Z77: 21 | AA77: 7 | AB77: 18 | AC77: 21-7-18 | AD77: 50 | AE77: 18.5 | AF77: 11.5 | AG77: 13
A78: 156 | B78: 59 | C78: ไร่หนองกระทุ่ม1 | D78: 734 | E78: =VLOOKUP(D78,รายแปลง!E:G,3,FALSE) -> 902134 | F78: 8.16 | G78: ด่างอ่อน | H78: 0.11 | I78: 0.995 | J78: ต่ำมาก | K78: 90.68 | L78: สูง | M78: 76.77 | N78: ปานกลาง | Q78: 93.85 | R78: 18 | S78: 6 | T78: 12 | U78: 16 | V78: 16 | W78: 8 | X78: 16-16-8 | Y78: 50 | Z78: 21 | AA78: 7 | AB78: 18 | AC78: 21-7-18 | AD78: 50 | AE78: 18.5 | AF78: 11.5 | AG78: 13
A79: 157 | B79: 59 | C79: ไร่หนองกระทุ่ม1 | D79: 735 | E79: =VLOOKUP(D79,รายแปลง!E:G,3,FALSE) -> 902135 | F79: 8.73 | G79: ด่างแก่ | H79: 0.25 | I79: 0.782 | J79: ต่ำมาก | K79: 174.46 | L79: สูง | M79: 176.96 | N79: สูงมาก | Q79: 601.25 | R79: 18 | S79: 6 | T79: 10 | U79: 16 | V79: 16 | W79: 8 | X79: 16-16-8 | Y79: 50 | Z79: 21 | AA79: 7 | AB79: 18 | AC79: 21-7-18 | AD79: 50 | AE79: 18.5 | AF79: 11.5 | AG79: 13
A80: 158 | B80: 59 | C80: ไร่หนองกระทุ่ม2 | D80: 723 | E80: =VLOOKUP(D80,รายแปลง!E:G,3,FALSE) -> 906148 | F80: 8.03 | G80: ด่างอ่อน | H80: 0.14 | I80: 0.773 | J80: ต่ำมาก | K80: 43.13 | L80: สูง | M80: 46.55 | N80: ต่ำ | Q80: 123.39 | R80: 18 | S80: 6 | T80: 15 | U80: 16 | V80: 8 | W80: 8 | X80: 16-8-8 | Y80: 50 | Z80: 20 | AA80: 8 | AB80: 20 | AC80: 20-8-20 | AD80: 50 | AE80: 18 | AF80: 8 | AG80: 14
... A90: 172 | B90: 59 | C90: ไร่หนองกระทุ่ม2 | D90: 919 | E90: =VLOOKUP(D90,รายแปลง!E:G,3,FALSE) -> 906111 | F90: 8.28 | G90: ด่างอ่อน | H90: 0.12 | I90: 1.157 | J90: ต่ำ | K90: 64.53 | L90: สูง | M90: 226.92 | N90: สูงมาก | Q90: 95.4 | R90: 15 | S90: 6 | T90: 10 | U90: 16 | V90: 8 | W90: 8 | X90: 16-8-8 | Y90: 50 | Z90: 21 | AA90: 7 | AB90: 18 | AC90: 21-7-18 | AD90: 50 | AE90: 18.5 | AF90: 7.5 | AG90: 13
A91: 181 | B91: 59 | C91: ไร่หนองกระทุ่ม2 | D91: 938 | E91: =VLOOKUP(D91,รายแปลง!E:G,3,FALSE) -> 906125 | F91: 6.7 | G91: ปานกลาง | H91: 4.59688 | I91: 1.5888952 | J91: ปานกลาง | K91: 291.29463 | L91: สูง | M91: 243.78349 | N91: สูงมาก | O91: 1487.7376 | P91: 87.081262 | Q91: 114.55665 | R91: 15 | S91: 6 | T91: 10 | U91: 16 | V91: 16 | W91: 8 | X91: 16-16-8 | Y91: 50 | Z91: 21 | AA91: 7 | AB91: 18 | AC91: 21-7-18 | AD91: 50 | AE91: 18.5 | AF91: 11.5 | AG91: 13
A92: 183 | B92: 59 | C92: ไร่หนองกระทุ่ม2 | D92: 1001 | E92: =VLOOKUP(D92,รายแปลง!E:G,3,FALSE) -> 906133 | F92: 8.15 | G92: ด่างอ่อน | H92: 0.11 | I92: 1.457 | J92: ต่ำ | K92: 143.8 | L92: สูง | M92: 171.95 | N92: สูงมาก | Q92: 83.7 | R92: 15 | S92: 6 | T92: 10 | U92: 16 | V92: 8 | W92: 8 | X92: 16-8-8 | Y92: 50 | Z92: 21 | AA92: 7 | AB92: 18 | AC92: 21-7-18 | AD92: 50 | AE92: 18.5 | AF92: 7.5 | AG92: 13
A93: 184 | B93: 59 | C93: ไร่หนองกระทุ่ม2 | D93: 1002 | E93: =VLOOKUP(D93,รายแปลง!E:G,3,FALSE) -> 906130 | F93: 8.17 | G93: ด่างอ่อน | H93: 0.097 | I93: 1.059 | J93: ต่ำ | K93: 53.93 | L93: สูง | M93: 46.78 | N93: ต่ำ | Q93: 114.14 | R93: 15 | S93: 6 | T93: 15 | U93: 16 | V93: 8 | W93: 8 | X93: 16-8-8 | Y93: 50 | Z93: 20 | AA93: 8 | AB93: 20 | AC93: 20-8-20 | AD93: 50 | AE93: 18 | AF93: 8 | AG93: 14
A94: 185 | B94: 59 | C94: ไร่หนองกระทุ่ม2 | D94: 1007 | E94: =VLOOKUP(D94,รายแปลง!E:G,3,FALSE) -> 906131 | F94: 8.25 | G94: ด่างอ่อน | H94: 0.097 | I94: 1.073 | J94: ต่ำ | K94: 92.25 | L94: สูง | M94: 156.98 | N94: สูงมาก | Q94: 111.34 | R94: 15 | S94: 6 | T94: 10 | U94: 16 | V94: 8 | W94: 8 | X94: 16-8-8 | Y94: 50 | Z94: 21 | AA94: 7 | AB94: 18 | AC94: 21-7-18 | AD94: 50 | AE94: 18.5 | AF94: 7.5 | AG94: 13
A95: 186 | B95: 59 | C95: ไร่หนองกระทุ่ม2 | D95: 1008 | E95: =VLOOKUP(D95,รายแปลง!E:G,3,FALSE) -> 906132 | F95: 8.05 | G95: ด่างอ่อน | H95: 0.13 | I95: 1.311 | J95: ต่ำ | K95: 22.84 | L95: ปานกลาง | M95: 158.14 | N95: สูงมาก | Q95: 97.95 | R95: 15 | S95: 9 | T95: 10 | U95: 16 | V95: 16 | W95: 8 | X95: 16-16-8 | Y95: 50 | Z95: 21 | AA95: 7 | AB95: 18 | AC95: 21-7-18 | AD95: 50 | AE95: 18.5 | AF95: 11.5 | AG95: 13
A96: 187 | B96: 59 | C96: ไร่หนองกระทุ่ม2 | D96: 1015 | E96: =VLOOKUP(D96,รายแปลง!E:G,3,FALSE) -> 906134 | F96: 8.32 | G96: ด่างอ่อน | H96: 0.11 | I96: 1.033 | J96: ต่ำ | K96: 50.7 | L96: สูง | M96: 116.22 | N96: สูง | Q96: 91.74 | R96: 15 | S96: 6 | T96: 10 | U96: 16 | V96: 8 | W96: 8 | X96: 16-8-8 | Y96: 50 | Z96: 21 | AA96: 7 | AB96: 18 | AC96: 21-7-18 | AD96: 50 | AE96: 18.5 | AF96: 7.5 | AG96: 13
A97: 188 | B97: 59 | C97: ไร่หนองกระทุ่ม2 | D97: 1017 | E97: =VLOOKUP(D97,รายแปลง!E:G,3,FALSE) -> 906135 | F97: 8.15 | G97: ด่างอ่อน | H97: 0.096 | I97: 1.263 | J97: ต่ำ | K97: 105.87 | L97: สูง | M97: 47.04 | N97: ต่ำ | Q97: 83.43 | R97: 15 | S97: 6 | T97: 15 | U97: 16 | V97: 8 | W97: 8 | X97: 16-8-8 | Y97: 50 | Z97: 20 | AA97: 8 | AB97: 20 | AC97: 20-8-20 | AD97: 50 | AE97: 18 | AF97: 8 | AG97: 14
A98: 189 | B98: 59 | C98: ไร่หนองกระทุ่ม2 | D98: 1019 | E98: =VLOOKUP(D98,รายแปลง!E:G,3,FALSE) -> 906139 | F98: 7.97 | G98: ด่างอ่อน | H98: 0.075 | I98: 1.035 | J98: ต่ำ | K98: 17.82 | L98: ต่ำ | M98: 46.84 | N98: ต่ำ | Q98: 97.19 | R98: 15 | S98: 9 | T98: 15 | U98: 16 | V98: 16 | W98: 8 | X98: 16-16-8 | Y98: 50 | Z98: 20 | AA98: 8 | AB98: 20 | AC98: 20-8-20 | AD98: 50 | AE98: 18 | AF98: 12 | AG98: 14
A99: 190 | B99: 59 | C99: ไร่หนองกระทุ่ม2 | D99: 1020 | E99: =VLOOKUP(D99,รายแปลง!E:G,3,FALSE) -> 906138 | F99: 7.18 | G99: ปานกลาง | H99: 0.22 | I99: 1.171 | J99: ต่ำ | K99: 252.49 | L99: สูง | M99: 55.36 | N99: ต่ำ | Q99: 69.03 | R99: 15 | S99: 6 | T99: 15 | U99: 16 | V99: 8 | W99: 8 | X99: 16-8-8 | Y99: 50 | Z99: 20 | AA99: 8 | AB99: 20 | AC99: 20-8-20 | AD99: 50 | AE99: 18 | AF99: 8 | AG99: 14
A100: 192 | B100: 60 | C100: ไร่หนองกระทิง | D100: 805704 | E100: =VLOOKUP(D100,รายแปลง!E:G,3,FALSE) -> 926103 | F100: 7.735 | G100: ด่างอ่อน | H100: 7.13116 | I100: 2.337939 | J100: ปานกลาง | K100: 114.47292 | L100: สูง | M100: 448.52952 | N100: สูงมาก | R100: 12 | S100: 6 | T100: 10 | U100: 16 | V100: 8 | W100: 8 | X100: 16-8-8 | Y100: 50 | Z100: 21 | AA100: 7 | AB100: 18 | AC100: 21-7-18 | AD100: 50 | AE100: 18.5 | AF100: 7.5 | AG100: 13
A101: 193 | B101: 60 | C101: ไร่หนองกระทิง | D101: 805727 | E101: =VLOOKUP(D101,รายแปลง!E:G,3,FALSE) -> 926116 | F101: 7.475 | G101: ด่างอ่อน | H101: 2.03026 | I101: 1.2871404 | J101: ต่ำ | K101: 170.2227 | L101: สูง | M101: 309.25875 | N101: สูงมาก | R101: 15 | S101: 6 | T101: 10 | U101: 16 | V101: 8 | W101: 8 | X101: 16-8-8 | Y101: 50 | Z101: 21 | AA101: 7 | AB101: 18 | AC101: 21-7-18 | AD101: 50 | AE101: 18.5 | AF101: 7.5 | AG101: 13
A102: 194 | B102: 60 | C102: ไร่หนองกระทิง | D102: 805723 | E102: =VLOOKUP(D102,รายแปลง!E:G,3,FALSE) -> 926122 | F102: 7.36 | G102: ด่างอ่อน | H102: 3.57376 | I102: 3.6383927 | J102: สูง | K102: 61.153659 | L102: สูง | M102: 361.50239 | N102: สูงมาก | R102: 12 | S102: 6 | T102: 10 | U102: 16 | V102: 8 | W102: 8 | X102: 16-8-8 | Y102: 50 | Z102: 21 | AA102: 7 | AB102: 18 | AC102: 21-7-18 | AD102: 50 | AE102: 18.5 | AF102: 7.5 | AG102: 13
A103: 195 | B103: 60 | C103: ไร่หนองกระทิง | D103: 805726 | E103: =VLOOKUP(D103,รายแปลง!E:G,3,FALSE) -> 926117 | F103: 7.155 | G103: ปานกลาง | H103: 4.54984 | I103: 2.853451 | J103: สูง | K103: 54.921065 | L103: สูง | M103: 401.35903 | N103: สูงมาก | R103: 12 | S103: 6 | T103: 10 | U103: 16 | V103: 8 | W103: 8 | X103: 16-8-8 | Y103: 50 | Z103: 21 | AA103: 7 | AB103: 18 | AC103: 21-7-18 | AD103: 50 | AE103: 18.5 | AF103: 7.5 | AG103: 13
A104: 196 | B104: 60 | C104: ไร่หนองกระทิง | D104: 805754 | E104: =VLOOKUP(D104,รายแปลง!E:G,3,FALSE) -> 926124 | F104: 6.86 | G104: ปานกลาง | H104: 4.63216 | I104: 2.17752 | J104: ปานกลาง | K104: 54.070973 | L104: สูง | M104: 414.01962 | N104: สูงมาก | R104: 12 | S104: 6 | T104: 10 | U104: 16 | V104: 8 | W104: 8 | X104: 16-8-8 | Y104: 50 | Z104: 21 | AA104: 7 | AB104: 18 | AC104: 21-7-18 | AD104: 50 | AE104: 18.5 | AF104: 7.5 | AG104: 13
A105: 198 | B105: 60 | C105: ไร่หนองกระทิง | D105: 805728 | E105: =VLOOKUP(D105,รายแปลง!E:G,3,FALSE) -> 926115 | F105: 7.935 | G105: ด่างอ่อน | H105: 8.69524 | I105: 1.7109582 | J105: ปานกลาง | K105: 117.60282 | L105: สูง | M105: 236.80042 | N105: สูงมาก | R105: 15 | S105: 6 | T105: 10 | U105: 16 | V105: 8 | W105: 8 | X105: 16-8-8 | Y105: 50 | Z105: 21 | AA105: 7 | AB105: 18 | AC105: 21-7-18 | AD105: 50 | AE105: 18.5 | AF105: 7.5 | AG105: 13
A106: 199 | B106: 60 | C106: ไร่หนองกระทิง | D106: 805740 | E106: =VLOOKUP(D106,รายแปลง!E:G,3,FALSE) -> 926106 | F106: 7.325 | G106: ด่างอ่อน | H106: 3.8266 | I106: 2.8151683 | J106: สูง | K106: 127.1353 | L106: สูง | M106: 553.77444 | N106: สูงมาก | R106: 12 | S106: 6 | T106: 10 | U106: 16 | V106: 8 | W106: 8 | X106: 16-8-8 | Y106: 50 | Z106: 21 | AA106: 7 | AB106: 18 | AC106: 21-7-18 | AD106: 50 | AE106: 18.5 | AF106: 7.5 | AG106: 13
A107: 200 | B107: 60 | C107: ไร่หนองกระทิง | D107: 805722 | E107: =VLOOKUP(D107,รายแปลง!E:G,3,FALSE) -> 926121 | F107: 7.24 | G107: ปานกลาง | H107: 3.69724 | I107: 1.7852707 | J107: ปานกลาง | K107: 27.706098 | L107: ปานกลาง | M107: 304.84887 | N107: สูงมาก | R107: 15 | S107: 9 | T107: 10 | U107: 16 | V107: 16 | W107: 8 | X107: 16-16-8 | Y107: 50 | Z107: 21 | AA107: 7 | AB107: 18 | AC107: 21-7-18 | AD107: 50 | AE107: 18.5 | AF107: 11.5 | AG107: 13
A108: 201 | B108: 60 | C108: ไร่หนองกระทิง | D108: 805721 | E108: =VLOOKUP(D108,รายแปลง!E:G,3,FALSE) -> 926119 | F108: 7.8 | G108: ด่างอ่อน | H108: 3.77956 | I108: 2.0810422 | J108: ปานกลาง | K108: 400.76286 | L108: สูง | M108: 424.42484 | N108: สูงมาก | R108: 12 | S108: 6 | T108: 10 | U108: 16 | V108: 8 | W108: 8 | X108: 16-8-8 | Y108: 50 | Z108: 21 | AA108: 7 | AB108: 18 | AC108: 21-7-18 | AD108: 50 | AE108: 18.5 | AF108: 7.5 | AG108: 13
A109: 204 | B109: 60 | C109: ไร่หนองขาม | D109: 214 | E109: =VLOOKUP(D109,รายแปลง!E:G,3,FALSE) -> 911107 | F109: 6.08 | G109: ปานกลาง | H109: 1.690984 | I109: 0.63531658 | J109: ต่ำมาก | K109: -0.33114431 | L109: ขาดรุนแรง | M109: 341.83689 | N109: สูงมาก | R109: 18 | S109: 12 | T109: 10 | U109: 16 | V109: 16 | W109: 8 | X109: 16-16-8 | Y109: 50 | Z109: 21 | AA109: 7 | AB109: 18 | AC109: 21-7-18 | AD109: 50 | AE109: 18.5 | AF109: 11.5 | AG109: 13
A110: 206 | B110: 60 | C110: ไร่ทัพผึ้ง | D110: 807914 | E110: =VLOOKUP(D110,รายแปลง!E:G,3,FALSE) -> 927107 | F110: 7.2 | G110: ปานกลาง | H110: 4.65568 | I110: 2.7456908 | J110: สูง | K110: -0.31780741 | L110: ขาดรุนแรง | M110: 354.2253 | N110: สูงมาก | R110: 12 | S110: 12 | T110: 10 | U110: 16 | V110: 16 | W110: 8 | X110: 16-16-8 | Y110: 50 | Z110: 15 | AA110: 7 | AB110: 18 | AC110: 15-7-18 | AD110: 50 | AE110: 15.5 | AF110: 11.5 | AG110: 13
A111: 208 | B111: 60 | C111: ไร่หนองยายเงิน | D111: 1513 | E111: =VLOOKUP(D111,รายแปลง!E:G,3,FALSE) -> 908118 | F111: 7.28 | G111: ปานกลาง | H111: 3.95596 | I111: 1.3804108 | J111: ต่ำ | K111: 85.358651 | L111: สูง | M111: 268.78391 | N111: สูงมาก | R111: 15 | S111: 6 | T111: 10 | U111: 16 | V111: 8 | W111: 8 | X111: 16-8-8 | Y111: 50 | Z111: 21 | AA111: 7 | AB111: 18 | AC111: 21-7-18 | AD111: 50 | AE111: 18.5 | AF111: 7.5 | AG111: 13
... A152: 318 | B152: 60 | C152: ไร่หนองปรือ | D152: 1707 | E152: =VLOOKUP(D152,รายแปลง!E:G,3,FALSE) -> 910108 | F152: 5.855 | G152: ปานกลาง | H152: 2.243704 | I152: 1.0071533 | J152: ต่ำ | K152: 20.547435 | L152: ปานกลาง | M152: 78.801388 | N152: ปานกลาง | R152: 15 | S152: 9 | T152: 12 | U152: 16 | V152: 16 | W152: 8 | X152: 16-16-8 | Y152: 50 | Z152: 21 | AA152: 7 | AB152: 18 | AC152: 21-7-18 | AD152: 50 | AE152: 18.5 | AF152: 11.5 | AG152: 13
A153: 325 | B153: 60 | C153: ไร่หนองปรือ | D153: 1711/1 | E153: =VLOOKUP(D153,รายแปลง!E:G,3,FALSE) -> 910111 | F153: 6.56 | G153: ปานกลาง | H153: 2.137276 | I153: 1.6658812 | J153: ปานกลาง | K153: 5.7947889 | L153: ขาดรุนแรง | M153: 85.301196 | N153: ปานกลาง | R153: 15 | S153: 12 | T153: 12 | U153: 16 | V153: 16 | W153: 8 | X153: 16-16-8 | Y153: 50 | Z153: 21 | AA153: 7 | AB153: 18 | AC153: 21-7-18 | AD153: 50 | AE153: 18.5 | AF153: 11.5 | AG153: 13
A154: 326 | B154: 60 | C154: ไร่หนองปรือ | D154: 1709 | E154: =VLOOKUP(D154,รายแปลง!E:G,3,FALSE) -> 910110 | F154: 7.785 | G154: ด่างอ่อน | H154: 2.348368 | I154: 1.6332014 | J154: ปานกลาง | K154: 68.37116 | L154: สูง | M154: 82.35921 | N154: ปานกลาง | R154: 15 | S154: 6 | T154: 12 | U154: 16 | V154: 16 | W154: 8 | X154: 16-16-8 | Y154: 50 | Z154: 15 | AA154: 7 | AB154: 18 | AC154: 15-7-18 | AD154: 50 | AE154: 15.5 | AF154: 11.5 | AG154: 13
A155: 328 | B155: 60 | C155: ไร่หนองปรือ | D155: 1718 | E155: =VLOOKUP(D155,รายแปลง!E:G,3,FALSE) -> 910120 | F155: 6.31 | G155: ปานกลาง | H155: 0.901888 | I155: 0.67906786 | J155: ต่ำมาก | K155: 11.489768 | L155: ต่ำ | M155: 71.218969 | N155: ปานกลาง | R155: 18 | S155: 12 | T155: 12 | U155: 16 | V155: 16 | W155: 8 | X155: 16-16-8 | Y155: 50 | Z155: 21 | AA155: 7 | AB155: 18 | AC155: 21-7-18 | AD155: 50 | AE155: 18.5 | AF155: 11.5 | AG155: 13
A156: 330 | B156: 60 | C156: ไร่หนองปรือ | D156: 1702 | E156: =VLOOKUP(D156,รายแปลง!E:G,3,FALSE) -> 910101 | F156: 5.84 | G156: ปานกลาง | H156: 3.32092 | I156: 0.61138928 | J156: ต่ำมาก | K156: 21.950984 | L156: ปานกลาง | M156: 444.63659 | N156: สูงมาก | R156: 18 | S156: 9 | T156: 10 | U156: 16 | V156: 16 | W156: 8 | X156: 16-16-8 | Y156: 50 | Z156: 21 | AA156: 7 | AB156: 18 | AC156: 21-7-18 | AD156: 50 | AE156: 18.5 | AF156: 11.5 | AG156: 13
A157: 332 | B157: 60 | C157: ไร่หนองปรือ | D157: 1717/1 | E157: =VLOOKUP(D157,รายแปลง!E:G,3,FALSE) -> 910119 | F157: 5.92 | G157: ปานกลาง | H157: 2.297212 | I157: 0.84040487 | J157: ต่ำมาก | K157: 26.579981 | L157: ปานกลาง | M157: 37.072761 | N157: ต่ำ | R157: 18 | S157: 9 | T157: 15 | U157: 16 | V157: 16 | W157: 8 | X157: 16-16-8 | Y157: 50 | Z157: 20 | AA157: 8 | AB157: 20 | AC157: 20-8-20 | AD157: 50 | AE157: 18 | AF157: 12 | AG157: 14
A158: 333 | B158: 60 | C158: ไร่หนองปรือ | D158: 1703 | E158: =VLOOKUP(D158,รายแปลง!E:G,3,FALSE) -> 910103 | F158: 6.535 | G158: ปานกลาง | H158: 3.590812 | I158: 0.98374969 | J158: ต่ำมาก | K158: 33.664442 | L158: ปานกลาง | M158: 371.6534 | N158: สูงมาก | R158: 18 | S158: 6 | T158: 10 | U158: 16 | V158: 16 | W158: 8 | X158: 16-16-8 | Y158: 50 | Z158: 21 | AA158: 7 | AB158: 18 | AC158: 21-7-18 | AD158: 50 | AE158: 18.5 | AF158: 11.5 | AG158: 13
A159: 346 | B159: 61 | C159: ไร่หนองกระทุ่ม1 | D159: 701 | E159: =VLOOKUP(D159,รายแปลง!E:G,3,FALSE) -> 902138 | F159: 7.325 | G159: ด่างอ่อน | H159: 3.49732 | I159: 1.0884746 | J159: ต่ำ | K159: 22.741451 | L159: ปานกลาง | M159: 133.37234 | N159: สูงมาก | O159: 2723.3632 | P159: 173.39512 | Q159: 164.01308 | R159: 15 | S159: 9 | T159: 10 | U159: 16 | V159: 16 | W159: 8 | X159: 16-16-8 | Y159: 50 | Z159: 21 | AA159: 7 | AB159: 18 | AC159: 21-7-18 | AD159: 50 | AE159: 18.5 | AF159: 11.5 | AG159: 13
A160: 347 | B160: 61 | C160: ไร่หนองกระทุ่ม1 | D160: 702 | E160: =VLOOKUP(D160,รายแปลง!E:G,3,FALSE) -> 902139 | F160: 8.03 | G160: ด่างอ่อน | H160: 3.32092 | I160: 1.1734935 | J160: ต่ำ | K160: 35.107651 | L160: ปานกลาง | M160: 298.11051 | N160: สูงมาก | O160: 2766.9767 | P160: 149.71245 | Q160: 166.97227 | R160: 15 | S160: 6 | T160: 10 | U160: 16 | V160: 8 | W160: 8 | X160: 16-8-8 | Y160: 50 | Z160: 21 | AA160: 7 | AB160: 18 | AC160: 21-7-18 | AD160: 50 | AE160: 18.5 | AF160: 7.5 | AG160: 13
A161: 352 | B161: 61 | C161: ไร่หนองกระทุ่ม1 | D161: 614 | E161: =VLOOKUP(D161,รายแปลง!E:G,3,FALSE) -> 902109 | F161: 7.325 | G161: ด่างอ่อน | H161: 1.740964 | I161: 1.0097491 | J161: ต่ำ | K161: 100.13268 | L161: สูง | M161: 68.787067 | N161: ปานกลาง | O161: 2005.2258 | P161: 107.57437 | Q161: 163.26977 | R161: 15 | S161: 6 | T161: 12 | U161: 16 | V161: 16 | W161: 8 | X161: 16-16-8 | Y161: 50 | Z161: 15 | AA161: 7 | AB161: 18 | AC161: 15-7-18 | AD161: 50 | AE161: 15.5 | AF161: 11.5 | AG161: 13
A162: 353 | B162: 61 | C162: ไร่หนองกระทุ่ม1 | D162: 632 | E162: =VLOOKUP(D162,รายแปลง!E:G,3,FALSE) -> 902104 | F162: 7.485 | G162: ด่างอ่อน | H162: 2.057308 | I162: 1.0233554 | J162: ต่ำ | K162: 160.60096 | L162: สูง | M162: 141.47023 | N162: สูงมาก | O162: 1610.8636 | P162: 121.18747 | Q162: 171.0381 | R162: 15 | S162: 6 | T162: 10 | U162: 16 | V162: 8 | W162: 8 | X162: 16-8-8 | Y162: 50 | Z162: 21 | AA162: 7 | AB162: 18 | AC162: 21-7-18 | AD162: 50 | AE162: 18.5 | AF162: 7.5 | AG162: 13
A163: 354 | B163: 61 | C163: ไร่หนองกระทุ่ม1 | D163: 639 | E163: =VLOOKUP(D163,รายแปลง!E:G,3,FALSE) -> 902102 | F163: 7.53 | G163: ด่างอ่อน | H163: 2.15374 | I163: 1.0195205 | J163: ต่ำ | K163: 163.82828 | L163: สูง | M163: 71.014219 | N163: ปานกลาง | O163: 1435.6043 | P163: 153.95097 | Q163: 301.13837 | R163: 15 | S163: 6 | T163: 12 | U163: 16 | V163: 16 | W163: 8 | X163: 16-16-8 | Y163: 50 | Z163: 15 | AA163: 7 | AB163: 18 | AC163: 15-7-18 | AD163: 50 | AE163: 15.5 | AF163: 11.5 | AG163: 13
A164: 379 | B164: 61 | C164: ไร่เขาแหลม | D164: 1205 | E164: =VLOOKUP(D164,รายแปลง!E:G,3,FALSE) -> 907103 | F164: 6.66 | G164: ปานกลาง | H164: 2.007328 | I164: 1.8175483 | J164: ปานกลาง | K164: 17.459552 | L164: ต่ำ | M164: 162.63439 | N164: สูงมาก | O164: 1736.9044 | P164: 160.17727 | Q164: 115.30665 | R164: 15 | S164: 9 | T164: 10 | U164: 16 | V164: 16 | W164: 8 | X164: 16-16-8 | Y164: 50 | Z164: 21 | AA164: 7 | AB164: 18 | AC164: 21-7-18 | AD164: 50 | AE164: 18.5 | AF164: 11.5 | AG164: 13
A165: 381 | B165: 61 | C165: ไร่เขาแหลม | D165: 1209 | E165: =VLOOKUP(D165,รายแปลง!E:G,3,FALSE) -> 907111 | F165: 7.815 | G165: ด่างอ่อน | H165: 5.07904 | I165: 2.133171 | J165: ปานกลาง | K165: 18.224562 | L165: ต่ำ | M165: 113.25095 | N165: สูง | O165: 3541.5545 | P165: 133.76465 | Q165: 81.072462 | R165: 12 | S165: 9 | T165: 10 | U165: 16 | V165: 16 | W165: 8 | X165: 16-16-8 | Y165: 50 | Z165: 15 | AA165: 7 | AB165: 18 | AC165: 15-7-18 | AD165: 50 | AE165: 15.5 | AF165: 11.5 | AG165: 13
A166: 385 | B166: 61 | C166: ไร่เขาแหลม | D166: 1226 | E166: =VLOOKUP(D166,รายแปลง!E:G,3,FALSE) -> 907122 | F166: 7.925 | G166: ด่างอ่อน | H166: 3.57964 | I166: 2.10371 | J166: ปานกลาง | K166: 20.286438 | L166: ปานกลาง | M166: 267.50751 | N166: สูงมาก | O166: 2252.3204 | P166: 166.83585 | Q166: 126.82102 | R166: 12 | S166: 9 | T166: 10 | U166: 16 | V166: 16 | W166: 8 | X166: 16-16-8 | Y166: 50 | Z166: 15 | AA166: 7 | AB166: 18 | AC166: 15-7-18 | AD166: 50 | AE166: 15.5 | AF166: 11.5 | AG166: 13
A167: 386 | B167: 61 | C167: ไร่เขาแหลม | D167: 1227 | E167: =VLOOKUP(D167,รายแปลง!E:G,3,FALSE) -> 907119 | F167: 6.755 | G167: ปานกลาง | H167: 22.18984 | I167: 1.821126 | J167: ปานกลาง | K167: 327.416 | L167: สูง | M167: 418.80724 | N167: สูงมาก | O167: 2404.9475 | P167: 150.46682 | Q167: 104.76527 | R167: 15 | S167: 6 | T167: 10 | U167: 16 | V167: 8 | W167: 8 | X167: 16-8-8 | Y167: 50 | Z167: 21 | AA167: 7 | AB167: 18 | AC167: 21-7-18 | AD167: 50 | AE167: 18.5 | AF167: 7.5 | AG167: 13
A168: 387 | B168: 61 | C168: ไร่เขาแหลม | D168: 1230 | E168: =VLOOKUP(D168,รายแปลง!E:G,3,FALSE) -> 907125 | F168: 6.925 | G168: ปานกลาง | H168: 8.73052 | I168: 1.8773339 | J168: ปานกลาง | K168: 40.667153 | L168: สูง | M168: 150.32755 | N168: สูงมาก | O168: 2116.8533 | P168: 160.5433 | Q168: 97.8795 | R168: 15 | S168: 6 | T168: 10 | U168: 16 | V168: 8 | W168: 8 | X168: 16-8-8 | Y168: 50 | Z168: 21 | AA168: 7 | AB168: 18 | AC168: 21-7-18 | AD168: 50 | AE168: 18.5 | AF168: 7.5 | AG168: 13
A169: 388 | B169: 61 | C169: ไร่เขาแหลม | D169: 1231 | E169: =VLOOKUP(D169,รายแปลง!E:G,3,FALSE) -> 907126 | F169: 7.06 | G169: ปานกลาง | H169: 8.44828 | I169: 2.9417999 | J169: สูง | K169: 70.344843 | L169: สูง | M169: 165.66782 | N169: สูงมาก | O169: 4749.0403 | P169: 224.46663 | Q169: 89.747492 | R169: 12 | S169: 6 | T169: 10 | U169: 16 | V169: 8 | W169: 8 | X169: 16-8-8 | Y169: 50 | Z169: 21 | AA169: 7 | AB169: 18 | AC169: 21-7-18 | AD169: 50 | AE169: 18.5 | AF169: 7.5 | AG169: 13
A170: 391 | B170: 61 | C170: ไร่เขาประทุน | D170: 520/2 | E170: 917128 | F170: 6.905 | G170: ปานกลาง | H170: 2.65648 | I170: 0.77088212 | J170: ต่ำมาก | K170: 22.891665 | L170: ปานกลาง | M170: 90.1 | N170: สูง | O170: 728.59835 | P170: 144.01362 | Q170: 69.455733 | R170: 18 | S170: 9 | T170: 10 | U170: 16 | V170: 16 | W170: 8 | X170: 16-16-8 | Y170: 50 | Z170: 21 | AA170: 7 | AB170: 18 | AC170: 21-7-18 | AD170: 50 | AE170: 18.5 | AF170: 11.5 | AG170: 13
A171: 396 | B171: 61 | C171: ไร่หนองปรือ | D171: 1706 | E171: =VLOOKUP(D171,รายแปลง!E:G,3,FALSE) -> 910106 | F171: 6.28 | G171: ปานกลาง | H171: 1.582204 | I171: 0.80644979 | J171: ต่ำมาก | K171: 7.1307565 | L171: ต่ำมาก | M171: 124.59262 | N171: สูงมาก | O171: 1220.8249 | P171: 174.92047 | Q171: 67.503118 | R171: 18 | S171: 12 | T171: 10 | U171: 16 | V171: 16 | W171: 8 | X171: 16-16-8 | Y171: 50 | Z171: 21 | AA171: 7 | AB171: 18 | AC171: 21-7-18 | AD171: 50 | AE171: 18.5 | AF171: 11.5 | AG171: 13
A172: 397 | B172: 61 | C172: ไร่หนองปรือ | D172: 1711 | E172: =VLOOKUP(D172,รายแปลง!E:G,3,FALSE) -> 910112 | F172: 6.1 | G172: ปานกลาง | H172: 1.625716 | I172: 0.87857472 | J172: ต่ำมาก | K172: 8.7391074 | L172: ต่ำมาก | M172: 115.98682 | N172: สูง | O172: 1146.0677 | P172: 180.80824 | Q172: 68.42039 | R172: 18 | S172: 12 | T172: 10 | U172: 16 | V172: 16 | W172: 8 | X172: 16-16-8 | Y172: 50 | Z172: 21 | AA172: 7 | AB172: 18 | AC172: 21-7-18 | AD172: 50 | AE172: 18.5 | AF172: 11.5 | AG172: 13
A173: 401 | B173: 61 | C173: ไร่หนองมะค่า | D173: 1721/1 | E173: 913102 | F173: 6.49 | G173: ปานกลาง | H173: 2.533 | I173: 0.87422529 | J173: ต่ำมาก | K173: 14.250364 | L173: ต่ำ | M173: 286.94576 | N173: สูงมาก | O173: 1158.7477 | P173: 201.86824 | Q173: 42.659806 | R173: 18 | S173: 12 | T173: 10 | U173: 16 | V173: 16 | W173: 8 | X173: 16-16-8 | Y173: 50 | Z173: 21 | AA173: 7 | AB173: 18 | AC173: 21-7-18 | AD173: 50 | AE173: 18.5 | AF173: 11.5 | AG173: 13
A174: 402 | B174: 61 | C174: ไร่หนองมะค่า | D174: 1721/2 | E174: 913103 | F174: 6.79 | G174: ปานกลาง | H174: 2.42128 | I174: 0.80299092 | J174: ต่ำมาก | K174: 6.758716 | L174: ต่ำมาก | M174: 174.20869 | N174: สูงมาก | O174: 1301.8285 | P174: 274.74236 | Q174: 41.645549 | R174: 18 | S174: 12 | T174: 10 | U174: 16 | V174: 16 | W174: 8 | X174: 16-16-8 | Y174: 50 | Z174: 21 | AA174: 7 | AB174: 18 | AC174: 21-7-18 | AD174: 50 | AE174: 18.5 | AF174: 11.5 | AG174: 13
A175: 403 | B175: 61 | C175: ไร่หนองมะค่า | D175: 1723/1 | E175: 913110 | F175: 6.135 | G175: ปานกลาง | H175: 1.70392 | I175: 0.87250949 | J175: ต่ำมาก | K175: 10.809618 | L175: ต่ำ | M175: 163.67215 | N175: สูงมาก | O175: 952.39399 | P175: 171.86292 | Q175: 53.404758 | R175: 18 | S175: 12 | T175: 10 | U175: 16 | V175: 16 | W175: 8 | X175: 16-16-8 | Y175: 50 | Z175: 21 | AA175: 7 | AB175: 18 | AC175: 21-7-18 | AD175: 50 | AE175: 18.5 | AF175: 11.5 | AG175: 13
A176: 405 | B176: 61 | C176: ไร่หนองมะค่า | D176: 1725 | E176: =VLOOKUP(D176,รายแปลง!E:G,3,FALSE) -> 913115 | F176: 6.83 | G176: ปานกลาง | H176: 1.773892 | I176: 1.2405427 | J176: ต่ำ | K176: 2.632729 | L176: ขาดรุนแรง | M176: 117.16723 | N176: สูง | O176: 1954.0403 | P176: 204.54087 | Q176: 60.833655 | R176: 15 | S176: 12 | T176: 10 | U176: 16 | V176: 16 | W176: 8 | X176: 16-16-8 | Y176: 50 | Z176: 21 | AA176: 7 | AB176: 18 | AC176: 21-7-18 | AD176: 50 | AE176: 18.5 | AF176: 11.5 | AG176: 13
A177: 406 | B177: 61 | C177: ไร่หนองมะค่า | D177: 1727/1 | E177: 913116 | F177: 5.795 | G177: ปานกลาง | H177: 1.438732 | I177: 0.87168048 | J177: ต่ำมาก | K177: 10.801184 | L177: ต่ำ | M177: 268.46613 | N177: สูงมาก | O177: 376.63966 | P177: 120.61526 | Q177: 38.069443 | R177: 18 | S177: 12 | T177: 10 | U177: 16 | V177: 16 | W177: 8 | X177: 16-16-8 | Y177: 50 | Z177: 21 | AA177: 7 | AB177: 18 | AC177: 21-7-18 | AD177: 50 | AE177: 18.5 | AF177: 11.5 | AG177: 13
A178: 407 | B178: 61 | C178: ไร่หนองแก | D178: 805 | E178: =VLOOKUP(D178,รายแปลง!E:G,3,FALSE) -> 903105 | F178: 6.82 | G178: ปานกลาง | H178: 3.57376 | I178: 1.4707125 | J178: ต่ำ | K178: 221.89574 | L178: สูง | M178: 104.84369 | N178: สูง | O178: 1376.8809 | P178: 157.0497 | Q178: 36.368509 | R178: 15 | S178: 6 | T178: 10 | U178: 16 | V178: 8 | W178: 8 | X178: 16-8-8 | Y178: 50 | Z178: 21 | AA178: 7 | AB178: 18 | AC178: 21-7-18 | AD178: 50 | AE178: 18.5 | AF178: 7.5 | AG178: 13
A179: 413 | B179: 61 | C179: ไร่ทุ่งโป่ง | D179: 1901 | E179: =VLOOKUP(D179,รายแปลง!E:G,3,FALSE) -> 919101 | F179: 7.825 | G179: ด่างอ่อน | H179: 2.53888 | I179: 1.4641741 | J179: ต่ำ | K179: 9.1963666 | L179: ต่ำมาก | M179: 268.60826 | N179: สูงมาก | O179: 2099.1914 | P179: 229.19761 | Q179: 51.530709 | R179: 15 | S179: 12 | T179: 10 | U179: 16 | V179: 16 | W179: 8 | X179: 16-16-8 | Y179: 50 | Z179: 21 | AA179: 7 | AB179: 18 | AC179: 21-7-18 | AD179: 50 | AE179: 18.5 | AF179: 11.5 | AG179: 13
A180: 414 | B180: 61 | C180: ไร่ทุ่งโป่ง | D180: 1902 | E180: =VLOOKUP(D180,รายแปลง!E:G,3,FALSE) -> 919102 | F180: 7.69 | G180: ด่างอ่อน | H180: 2.49772 | I180: 1.3124734 | J180: ต่ำ | K180: 8.7417908 | L180: ต่ำมาก | M180: 145.47897 | N180: สูงมาก | O180: 1948.2896 | P180: 268.81251 | Q180: 49.395493 | R180: 15 | S180: 12 | T180: 10 | U180: 16 | V180: 16 | W180: 8 | X180: 16-16-8 | Y180: 50 | Z180: 21 | AA180: 7 | AB180: 18 | AC180: 21-7-18 | AD180: 50 | AE180: 18.5 | AF180: 11.5 | AG180: 13
A181: 416 | B181: 61 | C181: ไร่ทุ่งโป่ง | D181: 1907 | E181: =VLOOKUP(D181,รายแปลง!E:G,3,FALSE) -> 919109 | F181: 7.675 | G181: ด่างอ่อน | H181: 3.69724 | I181: 1.3436237 | J181: ต่ำ | K181: 36.388348 | L181: ปานกลาง | M181: 177.2796 | N181: สูงมาก | O181: 2280.1472 | P181: 312.77263 | Q181: 38.66808 | R181: 15 | S181: 6 | T181: 10 | U181: 16 | V181: 8 | W181: 8 | X181: 16-8-8 | Y181: 50 | Z181: 21 | AA181: 7 | AB181: 18 | AC181: 21-7-18 | AD181: 50 | AE181: 18.5 | AF181: 7.5 | AG181: 13
A182: 421 | B182: 61 | C182: ไร่ทุ่งโป่ง | D182: 1915 | E182: =VLOOKUP(D182,รายแปลง!E:G,3,FALSE) -> 919118 | F182: 6.9 | G182: ปานกลาง | H182: 4.24996 | I182: 2.3417429 | J182: ปานกลาง | K182: 23.499872 | L182: ปานกลาง | M182: 378.0109 | N182: สูงมาก | O182: 2166.5256 | P182: 379.74597 | Q182: 34.151841 | R182: 12 | S182: 9 | T182: 10 | U182: 16 | V182: 16 | W182: 8 | X182: 16-16-8 | Y182: 50 | Z182: 15 | AA182: 7 | AB182: 18 | AC182: 15-7-18 | AD182: 50 | AE182: 15.5 | AF182: 11.5 | AG182: 13
A183: 422 | B183: 61 | C183: ไร่ทุ่งโป่ง | D183: แปลงเช่า | E183: =VLOOKUP(D183,รายแปลง!E:G,3,FALSE) -> #N/A | F183: 5.715 | G183: ปานกลาง | H183: 0.741364 | I183: 0.87421842 | J183: ต่ำมาก | K183: 4.4408854 | L183: ขาดรุนแรง | M183: 28.87113 | N183: ต่ำมาก | O183: 327.66597 | P183: 77.958649 | Q183: 27.331693 | R183: 18 | S183: 12 | T183: 15 | U183: 16 | V183: 16 | W183: 8 | X183: 16-16-8 | Y183: 50 | Z183: 20 | AA183: 8 | AB183: 20 | AC183: 20-8-20 | AD183: 50 | AE183: 18 | AF183: 12 | AG183: 14
A184: 423 | B184: 61 | C184: ไร่หนองขอน | D184: 801 | E184: =VLOOKUP(D184,รายแปลง!E:G,3,FALSE) -> 903101 | F184: 8.705 | G184: ด่างแก่ | H184: 5.43184 | I184: 0.70735134 | J184: ต่ำมาก | K184: 87.653919 | L184: สูง | M184: 134.23453 | N184: สูงมาก | O184: 3475.1585 | P184: 172.85268 | Q184: 209.60159 | R184: 18 | S184: 6 | T184: 10 | U184: 16 | V184: 16 | W184: 8 | X184: 16-16-8 | Y184: 50 | Z184: 21 | AA184: 7 | AB184: 18 | AC184: 21-7-18 | AD184: 50 | AE184: 18.5 | AF184: 11.5 | AG184: 13
A185: 426 | B185: 61 | C185: ไร่หนองขอน | D185: 854 | E185: =VLOOKUP(D185,รายแปลง!E:G,3,FALSE) -> 903111 | F185: 8.185 | G185: ด่างอ่อน | H185: 6.99004 | I185: 3.6717429 | J185: สูง | K185: 232.11556 | L185: สูง | M185: 663.64704 | N185: สูงมาก | O185: 1700.5919 | P185: 473.65731 | Q185: 158.09694 | R185: 12 | S185: 6 | T185: 10 | U185: 16 | V185: 8 | W185: 8 | X185: 16-8-8 | Y185: 50 | Z185: 21 | AA185: 7 | AB185: 18 | AC185: 21-7-18 | AD185: 50 | AE185: 18.5 | AF185: 7.5 | AG185: 13
A186: 430 | B186: 61 | C186: ไร่หนองขอน | D186: 859 | E186: =VLOOKUP(D186,รายแปลง!E:G,3,FALSE) -> 903134 | F186: 8.11 | G186: ด่างอ่อน | H186: 11.16484 | I186: 1.2428471 | J186: ต่ำ | K186: 13.083457 | L186: ต่ำ | M186: 329.00659 | N186: สูงมาก | O186: 2077.4855 | P186: 255.98762 | Q186: 267.65691 | R186: 15 | S186: 12 | T186: 10 | U186: 16 | V186: 16 | W186: 8 | X186: 16-16-8 | Y186: 50 | Z186: 21 | AA186: 7 | AB186: 18 | AC186: 21-7-18 | AD186: 50 | AE186: 18.5 | AF186: 11.5 | AG186: 13
A187: 431 | B187: 61 | C187: ไร่หนองขอน | D187: 860 | E187: =VLOOKUP(D187,รายแปลง!E:G,3,FALSE) -> 903135 | F187: 7.555 | G187: ด่างอ่อน | H187: 2.72116 | I187: 1.3059793 | J187: ต่ำ | K187: 138.25881 | L187: สูง | M187: 184.03007 | N187: สูงมาก | O187: 1096.1595 | P187: 149.91839 | Q187: 22.547168 | R187: 15 | S187: 6 | T187: 10 | U187: 16 | V187: 8 | W187: 8 | X187: 16-8-8 | Y187: 50 | Z187: 21 | AA187: 7 | AB187: 18 | AC187: 21-7-18 | AD187: 50 | AE187: 18.5 | AF187: 7.5 | AG187: 13
A188: 432 | B188: 61 | C188: ไร่หนองขอน | D188: 861 | E188: =VLOOKUP(D188,รายแปลง!E:G,3,FALSE) -> 903136 | F188: 7.465 | G188: ด่างอ่อน | H188: 3.13864 | I188: 1.2777641 | J188: ต่ำ | K188: 134.29368 | L188: สูง | M188: 162.23825 | N188: สูงมาก | O188: 1062.9436 | P188: 132.77241 | Q188: 76.047335 | R188: 15 | S188: 6 | T188: 10 | U188: 16 | V188: 8 | W188: 8 | X188: 16-8-8 | Y188: 50 | Z188: 21 | AA188: 7 | AB188: 18 | AC188: 21-7-18 | AD188: 50 | AE188: 18.5 | AF188: 7.5 | AG188: 13
A189: 433 | B189: 61 | C189: ไร่หนองขอน | D189: 864 | E189: =VLOOKUP(D189,รายแปลง!E:G,3,FALSE) -> 903138 | F189: 8.92 | G189: ด่างแก่ | H189: 4.61452 | I189: 0.84142773 | J189: ต่ำมาก | K189: 46.393652 | L189: สูง | M189: 207.0522 | N189: สูงมาก | O189: 2001.794 | P189: 150.16898 | Q189: 134.39342 | R189: 18 | S189: 6 | T189: 10 | U189: 16 | V189: 16 | W189: 8 | X189: 16-16-8 | Y189: 50 | Z189: 21 | AA189: 7 | AB189: 18 | AC189: 21-7-18 | AD189: 50 | AE189: 18.5 | AF189: 11.5 | AG189: 13
A190: 435 | B190: 61 | C190: ไร่หนองขอน | D190: 867 | E190: =VLOOKUP(D190,รายแปลง!E:G,3,FALSE) -> 903140 | F190: 7.55 | G190: ด่างอ่อน | H190: 7.89556 | I190: 1.4790583 | J190: ต่ำ | K190: 66.995447 | L190: สูง | M190: 291.36852 | N190: สูงมาก | O190: 2605.9406 | P190: 269.74536 | Q190: 279.24509 | R190: 15 | S190: 6 | T190: 10 | U190: 16 | V190: 8 | W190: 8 | X190: 16-8-8 | Y190: 50 | Z190: 21 | AA190: 7 | AB190: 18 | AC190: 21-7-18 | AD190: 50 | AE190: 18.5 | AF190: 7.5 | AG190: 13
A191: 436 | B191: 61 | C191: ไร่หนองขอน | D191: 812550 | E191: =VLOOKUP(D191,รายแปลง!E:G,3,FALSE) -> 903131 | F191: 8.41 | G191: ด่างแก่ | H191: 6.01396 | I191: 1.1375749 | J191: ต่ำ | K191: 22.086002 | L191: ปานกลาง | M191: 366.48718 | N191: สูงมาก | O191: 2253.7334 | P191: 274.76769 | Q191: 246.02661 | R191: 15 | S191: 9 | T191: 10 | U191: 16 | V191: 16 | W191: 8 | X191: 16-16-8 | Y191: 50 | Z191: 21 | AA191: 7 | AB191: 18 | AC191: 21-7-18 | AD191: 50 | AE191: 18.5 | AF191: 11.5 | AG191: 13
A192: 438 | B192: 61 | C192: ไร่หนองขอน | D192: 8121023 | E192: =VLOOKUP(D192,รายแปลง!E:G,3,FALSE) -> 901105 | F192: 8.1 | G192: ด่างอ่อน | H192: 15.95116 | I192: 1.9721905 | J192: ปานกลาง | K192: 198.22437 | L192: สูง | M192: 863.73872 | N192: สูงมาก | O192: 2139.1942 | P192: 334.88005 | Q192: 345.3329 | R192: 15 | S192: 6 | T192: 10 | U192: 16 | V192: 8 | W192: 8 | X192: 16-8-8 | Y192: 50 | Z192: 21 | AA192: 7 | AB192: 18 | AC192: 21-7-18 | AD192: 50 | AE192: 18.5 | AF192: 7.5 | AG192: 13
A193: 439 | B193: 61 | C193: ไร่หนองขอน | D193: 8121024 | E193: =VLOOKUP(D193,รายแปลง!E:G,3,FALSE) -> 901106 | F193: 8.05 | G193: ด่างอ่อน | H193: 15.68656 | I193: 2.1124139 | J193: ปานกลาง | K193: 179.84423 | L193: สูง | M193: 883.82033 | N193: สูงมาก | O193: 2201.9994 | P193: 335.71035 | Q193: 320.67222 | R193: 12 | S193: 6 | T193: 10 | U193: 16 | V193: 8 | W193: 8 | X193: 16-8-8 | Y193: 50 | Z193: 21 | AA193: 7 | AB193: 18 | AC193: 21-7-18 | AD193: 50 | AE193: 18.5 | AF193: 7.5 | AG193: 13
A194: 440 | B194: 61 | C194: ไร่หนองขอน | D194: 8121029 | E194: =VLOOKUP(D194,รายแปลง!E:G,3,FALSE) -> 901111 | F194: 8.395 | G194: ด่างอ่อน | H194: 6.01984 | I194: 1.2593222 | J194: ต่ำ | K194: 27.300216 | L194: ปานกลาง | M194: 446.01287 | N194: สูงมาก | O194: 2176.3237 | P194: 253.21015 | Q194: 272.44563 | R194: 15 | S194: 9 | T194: 10 | U194: 16 | V194: 16 | W194: 8 | X194: 16-16-8 | Y194: 50 | Z194: 21 | AA194: 7 | AB194: 18 | AC194: 21-7-18 | AD194: 50 | AE194: 18.5 | AF194: 11.5 | AG194: 13
A195: 444 | B195: 61 | C195: ไร่หนองยายเงิน | D195: 1503 | E195: =VLOOKUP(D195,รายแปลง!E:G,3,FALSE) -> 908103 | F195: 6.185 | G195: ปานกลาง | H195: 2.71528 | I195: 2.161873 | J195: ปานกลาง | K195: 312.52428 | L195: สูง | M195: 107.16759 | N195: สูง | O195: 1745.1537 | P195: 237.46777 | Q195: 54.305024 | R195: 12 | S195: 6 | T195: 10 | U195: 16 | V195: 8 | W195: 8 | X195: 16-8-8 | Y195: 50 | Z195: 21 | AA195: 7 | AB195: 18 | AC195: 21-7-18 | AD195: 50 | AE195: 18.5 | AF195: 7.5 | AG195: 13
... A214: 490 | B214: 61 | C214: ไร่ทัพหลวง | D214: 133 | E214: =VLOOKUP(D214,รายแปลง!E:G,3,FALSE) -> 900105 | F214: 5.815 | G214: ปานกลาง | H214: 5.53768 | I214: 0.90547168 | J214: ต่ำมาก | K214: 98.804018 | L214: สูง | M214: 94.088954 | N214: สูง | O214: 565.40575 | P214: 136.4564 | Q214: 33.408283 | R214: 18 | S214: 6 | T214: 10 | U214: 16 | V214: 16 | W214: 8 | X214: 16-16-8 | Y214: 50 | Z214: 21 | AA214: 7 | AB214: 18 | AC214: 21-7-18 | AD214: 50 | AE214: 18.5 | AF214: 11.5 | AG214: 13
A215: 492 | B215: 61 | C215: ไร่ทัพหลวง | D215: 403/1 | E215: =VLOOKUP(D215,รายแปลง!E:G,3,FALSE) -> 900115 | F215: 5.75 | G215: ปานกลาง | H215: 5.70232 | I215: 0.86905062 | J215: ต่ำมาก | K215: 88.399607 | L215: สูง | M215: 101.43944 | N215: สูง | O215: 262.38107 | P215: 75.001902 | Q215: 29.309438 | R215: 18 | S215: 6 | T215: 10 | U215: 16 | V215: 16 | W215: 8 | X215: 16-16-8 | Y215: 50 | Z215: 21 | AA215: 7 | AB215: 18 | AC215: 21-7-18 | AD215: 50 | AE215: 18.5 | AF215: 11.5 | AG215: 13
A216: 496 | B216: 61 | C216: ไร่ทัพหลวง | D216: 408 | E216: =VLOOKUP(D216,รายแปลง!E:G,3,FALSE) -> 900112 | F216: 5.28 | G216: กรดจัด | H216: 4.30876 | I216: 0.87595471 | J216: ต่ำมาก | K216: 85.997237 | L216: สูง | M216: 103.61628 | N216: สูง | O216: 222.96562 | P216: 63.674058 | Q216: 214.09556 | R216: 18 | S216: 6 | T216: 10 | U216: 16 | V216: 16 | W216: 8 | X216: 16-16-8 | Y216: 50 | Z216: 21 | AA216: 7 | AB216: 18 | AC216: 21-7-18 | AD216: 50 | AE216: 18.5 | AF216: 11.5 | AG216: 13
A217: 507 | B217: 61 | C217: ไร่หนองกระทุ่ม2 | D217: 922 | E217: =VLOOKUP(D217,รายแปลง!E:G,3,FALSE) -> 906114 | F217: 7.305 | G217: ด่างอ่อน | H217: 5.87284 | I217: 1.6087951 | J217: ปานกลาง | K217: 87.13176 | L217: สูง | M217: 221.45304 | N217: สูงมาก | O217: 2662.3373 | P217: 81.856509 | Q217: 137.35043 | R217: 15 | S217: 6 | T217: 10 | U217: 16 | V217: 8 | W217: 8 | X217: 16-8-8 | Y217: 50 | Z217: 21 | AA217: 7 | AB217: 18 | AC217: 21-7-18 | AD217: 50 | AE217: 18.5 | AF217: 7.5 | AG217: 13
...

Sheet วิเคราะห์ดินปี68
Q1: ความต้องการธาตุอาหาร (กก./ไร่) | W1: คำแนะนำการใช้ปุ๋ยสำหรับอ้อยปลูก | AD1: คำแนะนำการใช้ปุ๋ยสำหรับอ้อยตอ
E2: แปลงพักดิน ปี 2568/69 เพื่อปลูกอ้อยตุลาคม ปี 2569/70 | Q2: อ้อยปลูก | T2: อ้อยตอ | W2: สูตรปุ๋ยรองพื้น | X2: อัตรา | Y2: สูตรปุ๋ยแต่งหน้า | Z2: อัตรา | AA2: ธาตุอาหารที่ได้ | AD2: สูตรปุ๋ยรองพื้น | AE2: อัตรา | AF2: สูตรปุ๋ยแต่งหน้า | AG2: อัตรา | AH2: สูตรปุ๋ยดพิ่มผลผลิต | AI2: อัตรา | AJ2: ธาตุอาหารที่ได้
A3: ปี | B3: ลำดับ | C3: รหัสตัวอย่าง | D3: ชื่อผู้ส่งตัวอย่าง | E3: สถานที่เก็บตัวอย่าง | F3: รหัสแปลง | G3: pH | H3: ระดับ | I3: EC (mS/cm) | J3: ระดับ | K3: OM (%) | L3: ระดับ | M3: P (mg/kg) | N3: ระดับ | O3: K (mg/kg) | P3: ระดับ | Q3: N | R3: P | S3: K | T3: N | U3: P | V3: K | X3: (กก./ไร่) | Z3: (กก./ไร่) | AA3: N | AB3: P | AC3: K | AE3: (กก./ไร่) | AG3: (กก./ไร่) | AI3: (กก./ไร่) | AJ3: N | AK3: P | AL3: K
A4: 68 | B4: 1 | C4: 6826Mar01 | D4: ธวุธ | E4: หนองแก | F4: 928109 | G4: 6.9 | H4: ปานกลาง | I4: 0.06612 | J4: ไม่เค็ม | K4: 0.8268478 | L4: ต่ำ | M4: 10.42008 | N4: ต่ำ | O4: 55 | P4: ต่ำ | Q4: 18 | R4: 12 | S4: 15 | T4: 24 | U4: 12 | V4: 24 | W4: 16-16-8 | X4: 50 | Y4: 20-8-20 | Z4: 50 | AA4: 18 | AB4: 12 | AC4: 14 | AD4: 16-16-8 | AE4: 50 | AF4: 14-7-35 | AG4: 50 | AH4: 46-0-0 | AI4: 30 | AJ4: 21.3 | AK4: 11.5 | AL4: 21.5
A5: 68 | B5: 2 | C5: 6826Mar02 | D5: ธวุธ | E5: หนองแก | F5: 928107 | G5: 6.7 | H5: ปานกลาง | I5: 0.07523 | J5: ไม่เค็ม | K5: 1.5351648 | L5: ต่ำ | M5: 13.427334 | N5: ต่ำ | O5: 58 | P5: ต่ำ | Q5: 15 | R5: 12 | S5: 15 | T5: 18 | U5: 12 | V5: 24 | W5: 16-16-8 | X5: 50 | Y5: 21-7-18 | Z5: 50 | AA5: 18.5 | AB5: 11.5 | AC5: 13 | AD5: 20-8-8 | AE5: 50 | AF5: 14-6-28 | AG5: 50 | AH5: 46-0-0 | AI5: 0 | AJ5: 17 | AK5: 7 | AL5: 18
A6: 68 | B6: 3 | C6: 6826Mar03 | D6: ธวุธ | E6: หนองแก | F6: 928136 | G6: 7.43 | H6: ด่างอ่อน | I6: 0.1955 | J6: ไม่เค็ม | K6: 0.16145912 | L6: ต่ำมาก | M6: 21.109291 | N6: ปานกลาง | O6: 40 | P6: ต่ำ | Q6: 18 | R6: 9 | S6: 15 | T6: 24 | U6: 9 | V6: 24 | W6: 16-16-8 | X6: 50 | Y6: 20-8-20 | Z6: 50 | AA6: 18 | AB6: 12 | AC6: 14 | AD6: 16-16-8 | AE6: 50 | AF6: 14-7-35 | AG6: 50 | AH6: 46-0-0 | AI6: 30 | AJ6: 21.3 | AK6: 11.5 | AL6: 21.5
A7: 68 | B7: 4 | C7: 6826Mar04 | D7: ธวุธ | E7: หนองแก | F7: 928111 | G7: 6.6 | H7: ปานกลาง | I7: 0.07075 | J7: ไม่เค็ม | K7: 0.61220629 | L7: ต่ำ | M7: 19.365785 | N7: ต่ำ | O7: 200 | P7: สูงมาก | Q7: 18 | R7: 9 | S7: 10 | T7: 24 | U7: 9 | V7: 12 | W7: 16-16-8 | X7: 50 | Y7: 21-7-18 | Z7: 50 | AA7: 18.5 | AB7: 11.5 | AC7: 13 | AD7: 20-8-8 | AE7: 50 | AF7: 14-6-28 | AG7: 50 | AH7: 46-0-0 | AI7: 0 | AJ7: 17 | AK7: 7 | AL7: 18
A8: 68 | B8: 5 | C8: 6826Mar05 | D8: ธวุธ | E8: หนองแก | F8: 928119 | G8: 6.07 | H8: ปานกลาง | I8: 0.03799 | J8: ไม่เค็ม | K8: 1.4 | L8: ต่ำ | M8: 20.752399 | N8: ปานกลาง | O8: 140 | P8: สูงมาก | Q8: 15 | R8: 9 | S8: 10 | T8: 18 | U8: 9 | V8: 12 | W8: 16-8-8 | X8: 50 | Y8: 15-7-18 | Z8: 50 | AA8: 15.5 | AB8: 7.5 | AC8: 13 | AD8: 16-8-8 | AE8: 50 | AF8: 15-7-18 | AG8: 50 | AH8: 46-0-0 | AI8: 0 | AJ8: 15.5 | AK8: 7.5 | AL8: 13
A9: 68 | B9: 6 | C9: 6826Mar06 | D9: ธวุธ | E9: หนองแก | F9: 928127 | G9: 6.32 | H9: ปานกลาง | I9: 0.0539 | J9: ไม่เค็ม | K9: 1.5351648 | L9: ต่ำ | M9: 12.169436 | N9: ต่ำ | O9: 80 | P9: ปานกลาง | Q9: 15 | R9: 12 | S9: 12 | T9: 18 | U9: 12 | V9: 18 | W9: 16-16-8 | X9: 50 | Y9: 21-7-18 | Z9: 50 | AA9: 18.5 | AB9: 11.5 | AC9: 13 | AD9: 20-8-8 | AE9: 50 | AF9: 14-6-28 | AG9: 50 | AH9: 46-0-0 | AI9: 0 | AJ9: 17 | AK9: 7 | AL9: 18
A10: 68 | B10: 7 | C10: 6826Mar07 | D10: ธวุธ | E10: หนองแก | F10: 928135 | G10: 6.71 | H10: ปานกลาง | I10: 0.1181 | J10: ไม่เค็ม | K10: 0.032674214 | L10: ต่ำ | M10: 8.1207582 | N10: ต่ำมาก | O10: 55 | P10: ต่ำ | Q10: 18 | R10: 12 | S10: 15 | T10: 24 | U10: 12 | V10: 24 | W10: 16-16-8 | X10: 50 | Y10: 20-8-20 | Z10: 50 | AA10: 18 | AB10: 12 | AC10: 14 | AD10: 16-16-8 | AE10: 50 | AF10: 14-7-35 | AG10: 50 | AH10: 46-0-0 | AI10: 30 | AJ10: 21.3 | AK10: 11.5 | AL10: 21.5
A11: 68 | B11: 8 | C11: 6826Mar08 | D11: ธวุธ | E11: หนองแก | F11: 928141 | G11: 5.53 | H11: ปานกลาง | I11: 0.05648 | J11: ไม่เค็ม | K11: 1.5351648 | L11: ต่ำ | M11: 10.601451 | N11: ต่ำ | O11: 57 | P11: ต่ำ | Q11: 15 | R11: 12 | S11: 15 | T11: 18 | U11: 12 | V11: 24 | W11: 16-16-8 | X11: 50 | Y11: 21-7-18 | Z11: 50 | AA11: 18.5 | AB11: 11.5 | AC11: 13 | AD11: 20-8-8 | AE11: 50 | AF11: 14-6-28 | AG11: 50 | AH11: 46-0-0 | AI11: 0 | AJ11: 17 | AK11: 7 | AL11: 18
A12: 68 | B12: 9 | C12: 6826Mar09 | D12: บรรจบ | E12: เขาประทุน | F12: 917123 | G12: 5.31 | H12: กรดจัด | I12: 0.04732 | J12: ไม่เค็ม | K12: 1.5137006 | L12: ต่ำ | M12: 11.250878 | N12: ต่ำ | O12: 56 | P12: ต่ำ | Q12: 15 | R12: 12 | S12: 15 | T12: 18 | U12: 12 | V12: 24 | W12: 16-16-8 | X12: 50 | Y12: 21-7-18 | Z12: 50 | AA12: 18.5 | AB12: 11.5 | AC12: 13 | AD12: 20-8-8 | AE12: 50 | AF12: 14-6-28 | AG12: 50 | AH12: 46-0-0 | AI12: 0 | AJ12: 17 | AK12: 7 | AL12: 18
A13: 68 | B13: 10 | C13: 6826Mar10 | D13: บรรจบ | E13: เขาประทุน | F13: 917106 | G13: 6.02 | H13: ปานกลาง | I13: 0.1363 | J13: ไม่เค็ม | K13: 0.39756478 | L13: ต่ำ | M13: 15.486777 | N13: ต่ำ | O13: 10 | P13: ต่ำมาก | Q13: 18 | R13: 9 | S13: 15 | T13: 24 | U13: 9 | V13: 24 | W13: 16-16-8 | X13: 50 | Y13: 20-8-20 | Z13: 50 | AA13: 18 | AB13: 12 | AC13: 14 | AD13: 16-16-8 | AE13: 50 | AF13: 14-7-35 | AG13: 50 | AH13: 46-0-0 | AI13: 30 | AJ13: 21.3 | AK13: 11.5 | AL13: 21.5
A14: 68 | B14: 11 | C14: 6826Mar11 | D14: บรรจบ | E14: เขาประทุน | F14: 917118 | G14: 6.01 | H14: ปานกลาง | I14: 0.08322 | J14: ไม่เค็ม | K14: 1.6424855 | L14: ปานกลาง | M14: 20.635385 | N14: ปานกลาง | O14: 180 | P14: สูงมาก | Q14: 15 | R14: 9 | S14: 10 | T14: 18 | U14: 9 | V14: 12 | W14: 16-8-8 | X14: 50 | Y14: 15-7-18 | Z14: 50 | AA14: 15.5 | AB14: 7.5 | AC14: 13 | AD14: 16-8-8 | AE14: 50 | AF14: 15-7-18 | AG14: 50 | AH14: 46-0-0 | AI14: 0 | AJ14: 15.5 | AK14: 7.5 | AL14: 13
A15: 68 | B15: 12 | C15: 6826Mar12 | D15: บรรจบ | E15: เขาประทุน | F15: 917114 | G15: 6.91 | H15: ปานกลาง | I15: 0.07136 | J15: ไม่เค็ม | K15: 1.2561308 | L15: ต่ำ | M15: 16.1 | N15: ต่ำ | O15: 180 | P15: สูงมาก | Q15: 15 | R15: 9 | S15: 10 | T15: 18 | U15: 9 | V15: 12 | W15: 16-16-8 | X15: 50 | Y15: 20-8-20 | Z15: 50 | AA15: 18 | AB15: 12 | AC15: 14 | AD15: 16-16-8 | AE15: 50 | AF15: 14-7-35 | AG15: 50 | AH15: 46-0-0 | AI15: 30 | AJ15: 21.3 | AK15: 11.5 | AL15: 21.5
... A116: 68 | B116: 113 | C116: 6826Mar113 | D116: ญาโนภาส | E116: ลำอีซู | F116: 920109 | G116: 6.26 | H116: ปานกลาง | I116: 0.03553 | J116: ไม่เค็ม | K116: 0.48414591 | L116: ต่ำ | M116: 4.7000546 | N116: ขาดรุนแรง | O116: 212.8 | P116: สูงมาก | Q116: 18 | R116: 12 | S116: 10 | T116: 24 | U116: 12 | V116: 12 | W116: 16-16-8 | X116: 50 | Y116: 21-7-18 | Z116: 50 | AA116: 18.5 | AB116: 11.5 | AC116: 13 | AD116: 20-8-8 | AE116: 50 | AF116: 14-6-28 | AG116: 50 | AH116: 46-0-0 | AI116: 0 | AJ116: 17 | AK116: 7 | AL116: 18
F117: เฉลี่ย | G117: 6.8763422 | H117: ปานกลาง | I117: 0.12254093 | J117: ไม่เค็ม | K117: 1.0301617 | L117: ต่ำ | M117: 20.134007 | N117: ปานกลาง | O117: 136.28968 | P117: สูง
G118: 6.8763422 | H118: #DIV/0! | I118: 0.12254093 | J118: #DIV/0! | K118: 1.0301617 | L118: #DIV/0! | M118: 20.134007 | N118: #DIV/0! | O118: 136.28968 | P118: #DIV/0!
G119: 6.8763422
H120: หน้าโรงงาน
G121: pH | H121: 7.56 | I121: 113
G122: OM (%) | H122: 0.77
G123: P (mg/kg) | H123: 30
G124: K (mg/kg) | H124: 136.28968
G127: กรดจัด

Sheet Sheet6
B1: ลำดับที่ (No.) | C1: เลขทะเบียนตัวอย่าง (Sample Code) | F1: Parameters and Reports (As Dried Basis)
A2: ปี | D2: ชื่อตัวอย่าง (Sample Name) | E2: แปลง | F2: pH (1:5) | G2: pH-Level | H2: EC 1:5 (dS/m) | I2: %OM-Walkely and Black | J2: OM-Level | K2: Available P (mg/kg) : Bray II Method | L2: P-Level | M2: Extractable K (mg/kg) : NH4OAc Extracted & ICP | N2: K-Level
A3: 68 | B3: 1 | C3: 3547 | D3: ไร่หนองกระทิง | E3: 926119 | F3: 6.655 | G3: ปานกลาง | H3: 0.10165 | I3: 1.963827 | J3: ปานกลาง | K3: 44.154291 | L3: สูง | M3: 91.633154 | N3: สูง
A4: 68 | B4: 2 | C4: 3548 | D4: ไร่หนองกระทิง | E4: 926120 | F4: 6.975 | G4: ปานกลาง | H4: 0.1455 | I4: 1.5615183 | J4: ปานกลาง | K4: 139.4669 | L4: สูง | M4: 226.64577 | N4: สูงมาก
A5: 68 | B5: 3 | C5: 3549 | D5: ไร่หนองกระทิง | E5: 926123 | F5: 7.225 | G5: ปานกลาง | H5: 0.1027 | I5: 1.7342053 | J5: ปานกลาง | K5: 57.139501 | L5: สูง | M5: 222.50266 | N5: สูงมาก
A6: 68 | B6: 4 | C6: 3550 | D6: ไร่หนองกระทิง | E6: 926124 | F6: 7.285 | G6: ปานกลาง | H6: 0.1165 | I6: 1.6676962 | J6: ปานกลาง | K6: 54.249128 | L6: สูง | M6: 222.42515 | N6: สูงมาก
A7: 68 | B7: 5 | C7: 3551 | D7: ไร่หนองกระทิง | E7: 926127 | F7: 6.67 | G7: ปานกลาง | H7: 0.19215 | I7: 1.6610191 | J7: ปานกลาง | K7: 8.8477237 | L7: ต่ำมาก | M7: 58.193347 | N7: ต่ำ
A8: 68 | B8: 6 | C8: 3552 | D8: ไร่หนองกระทิง | E8: 926128 | F8: 6.29 | G8: ปานกลาง | H8: 0.0741 | I8: 1.8992707 | J8: ปานกลาง | K8: 5.6690987 | L8: ขาดรุนแรง | M8: 44.778056 | N8: ต่ำ
A9: 68 | B9: 7 | C9: 3553 | D9: ไร่หนองขอน | E9: 903109 | F9: 7.605 | G9: ด่างอ่อน | H9: 0.13945 | I9: 1.295679 | J9: ต่ำ | K9: 294.65461 | L9: สูง | M9: 116.69676 | N9: สูง
A10: 68 | B10: 8 | C10: 3554 | D10: ไร่หนองขอน | E10: 903112 | F10: 7.97 | G10: ด่างอ่อน | H10: 0.1798 | I10: 1.8272262 | J10: ปานกลาง | K10: 171.14099 | L10: สูง | M10: 361.57198 | N10: สูงมาก
A11: 68 | B11: 9 | C11: 3555 | D11: ไร่หนองขอน | E11: 903113 | F11: 7.88 | G11: ด่างอ่อน | H11: 0.159 | I11: 1.2674391 | J11: ต่ำ | K11: 113.96271 | L11: สูง | M11: 304.25157 | N11: สูงมาก
A12: 68 | B12: 10 | C12: 3556 | D12: ไร่หนองขอน | E12: 903114 | F12: 7.315 | G12: ด่างอ่อน | H12: 0.10295 | I12: 1.4603601 | J12: ต่ำ | K12: 162.31249 | L12: สูง | M12: 197.51647 | N12: สูงมาก
A13: 68 | B13: 11 | C13: 3557 | D13: ไร่หนองขอน | E13: 903115 | F13: 7.775 | G13: ด่างอ่อน | H13: 0.16335 | I13: 1.8771235 | J13: ปานกลาง | K13: 118.31055 | L13: สูง | M13: 197.17353 | N13: สูงมาก
A14: 68 | B14: 12 | C14: 3558 | D14: ไร่หนองขอน | E14: 903117 | F14: 7.96 | G14: ด่างอ่อน | H14: 0.13685 | I14: 1.9364333 | J14: ปานกลาง | K14: 44.531613 | L14: สูง | M14: 126.61639 | N14: สูงมาก
... A17: 68 | B17: 15 | C17: 3561 | D17: ไร่หนองขอน | E17: 903121 | F17: 6.665 | G17: ปานกลาง | H17: 0.09145 | I17: 1.19838 | J17: ต่ำ | K17: 204.91909 | L17: สูง | M17: 23.79386 | N17: ต่ำมาก
A18: 68 | B18: 16 | C18: 3562 | D18: ไร่หนองขอน | E18: 903122 | F18: 6.755 | G18: ปานกลาง | H18: 0.086 | I18: 1.0341535 | J18: ต่ำ | K18: 237.76824 | L18: สูง | M18: non-detected | N18: ต่ำมาก
A19: 68 | B19: 17 | C19: 3563 | D19: ไร่หนองขอน | E19: 903123 | F19: 7.12 | G19: ปานกลาง | H19: 0.1027 | I19: 2.226878 | J19: ปานกลาง | K19: 166.45708 | L19: สูง | M19: 107.26264 | N19: สูง
A20: 68 | B20: 18 | C20: 3564 | D20: ไร่หนองขอน | E20: 903137 | F20: 7.665 | G20: ด่างอ่อน | H20: 0.1282 | I20: 0.60163564 | J20: ต่ำมาก | K20: 32.565122 | L20: ปานกลาง | M20: 88.246558 | N20: ปานกลาง
A21: 68 | B21: 19 | C21: 3565 | D21: ไร่หนองขอน | E21: 903138 | F21: 8.06 | G21: ด่างอ่อน | H21: 0.0794 | I21: 1.0371227 | J21: ต่ำ | K21: 144.4795 | L21: สูง | M21: 16.829214 | N21: ต่ำมาก
A22: 68 | B22: 20 | C22: 3566 | D22: ไร่หนองขอน | E22: 903141 | F22: 7.82 | G22: ด่างอ่อน | H22: 0.1073 | I22: 1.6660859 | J22: ปานกลาง | K22: 25.011946 | L22: ปานกลาง | M22: 62.715502 | N22: ปานกลาง
A23: 68 | B23: 21 | C23: 3567 | D23: ไร่หนองขอน | E23: 903145 | F23: 7.76 | G23: ด่างอ่อน | H23: 0.1637 | I23: 0.73305184 | J23: ต่ำมาก | K23: 26.93108 | L23: ปานกลาง | M23: 88.688687 | N23: ปานกลาง
A24: 68 | B24: 22 | C24: 3568 | D24: ไร่หนองขอน | E24: 903147 | F24: 7.815 | G24: ด่างอ่อน | H24: 0.11385 | I24: 0.73161173 | J24: ต่ำมาก | K24: 14.222346 | L24: ต่ำ | M24: 18.860284 | N24: ต่ำมาก
A25: 68 | B25: 23 | C25: 3569 | D25: ไร่หนองขอน | E25: 930147 | F25: 7.57 | G25: ด่างอ่อน | H25: 0.07175 | I25: 0.066509375 | J25: ต่ำมาก | K25: 353.44436 | L25: สูง | M25: non-detected | N25: ต่ำมาก
A26: 68 | B26: 24 | C26: 3570 | D26: ไร่หนองขอน | E26: 903148 | F26: 7.325 | G26: ด่างอ่อน | H26: 0.1051 | I26: 1.5255439 | J26: ต่ำ | K26: 21.440886 | L26: ปานกลาง | M26: 17.331771 | N26: ต่ำมาก
A27: 68 | B27: 25 | C27: 3571 | D27: ไร่หนองขอน | E27: 903149 | F27: 7.415 | G27: ด่างอ่อน | H27: 0.03835 | I27: 0.69907149 | J27: ต่ำมาก | K27: 14.995811 | L27: ต่ำ | M27: non-detected | N27: ต่ำมาก
A28: 68 | B28: 26 | C28: 3572 | D28: ไร่หนองขอน | E28: 903150 | F28: 7.26 | G28: ปานกลาง | H28: 0.075 | I28: 0.93482989 | J28: ต่ำมาก | K28: 45.294933 | L28: สูง | M28: 18.843638 | N28: ต่ำมาก
A29: 68 | B29: 27 | C29: 3573 | D29: ไร่หนองขอน | E29: 903151 | F29: 7.815 | G29: ด่างอ่อน | H29: 0.0429 | I29: 0.70178749 | J29: ต่ำมาก | K29: 12.43238 | L29: ต่ำ | M29: non-detected | N29: ต่ำมาก
A30: 68 | B30: 28 | C30: 3574 | D30: ไร่หนองขอน | E30: 903152 | F30: 7.33 | G30: ด่างอ่อน | H30: 0.07995 | I30: 1.09251 | J30: ต่ำ | K30: 23.803062 | L30: ปานกลาง | M30: non-detected | N30: ต่ำมาก
A31: 68 | B31: 29 | C31: 3575 | D31: ไร่หนองขอน | E31: 903153 | F31: 7.71 | G31: ด่างอ่อน | H31: 0.1716 | I31: 1.138547 | J31: ต่ำ | K31: 60.408584 | L31: สูง | M31: non-detected | N31: ต่ำมาก
A32: 68 | B32: 30 | C32: 3576 | D32: ไร่หนองขอน | E32: 903154 | F32: 7.455 | G32: ด่างอ่อน | H32: 0.1257 | I32: 1.1005801 | J32: ต่ำ | K32: 13.931826 | L32: ต่ำ | M32: 45.800931 | N32: ต่ำ
A33: 68 | B33: 31 | C33: 3577 | D33: ไร่หนองขอน | E33: 903155 | F33: 7.945 | G33: ด่างอ่อน | H33: 0.10085 | I33: 1.1284601 | J33: ต่ำ | K33: 211.53393 | L33: สูง | M33: 5.8559457 | N33: ต่ำมาก
A34: 68 | B34: 32 | C34: 3578 | D34: หนองมะค่า | E34: 913105 | F34: 7.78 | G34: ด่างอ่อน | H34: 0.0797 | I34: 1.8319516 | J34: ปานกลาง | K34: 47.881055 | L34: สูง | M34: 168.77094 | N34: สูงมาก
A35: 68 | B35: 33 | C35: 3579 | D35: หนองมะค่า | E35: 913106 | F35: 7.355 | G35: ด่างอ่อน | H35: 0.13465 | I35: 1.2951837 | J35: ต่ำ | K35: 67.877525 | L35: สูง | M35: 52.750359 | N35: ต่ำ
A36: 68 | B36: 34 | C36: 3580 | D36: หนองมะค่า | E36: 913108 | F36: 7.225 | G36: ปานกลาง | H36: 0.06505 | I36: 1.6628322 | J36: ปานกลาง | K36: 67.358436 | L36: สูง | M36: 127.12167 | N36: สูงมาก
A37: 68 | B37: 35 | C37: 3581 | D37: หนองปรือ | E37: 910107 | F37: 7.515 | G37: ด่างอ่อน | H37: 0.0608 | I37: 0.93207331 | J37: ต่ำมาก | K37: 64.614884 | L37: สูง | M37: non-detected | N37: ต่ำมาก
A38: 68 | B38: 36 | C38: 3582 | D38: หนองปรือ | E38: 910108 | F38: 7.35 | G38: ด่างอ่อน | H38: 0.0342 | I38: 0.6339814 | J38: ต่ำมาก | K38: 30.110634 | L38: ปานกลาง | M38: non-detected | N38: ต่ำมาก
A39: 68 | B39: 37 | C39: 3583 | D39: หนองปรือ | E39: 910113 | F39: 7.165 | G39: ปานกลาง | H39: 0.05975 | I39: 0.93297507 | J39: ต่ำมาก | K39: 43.824849 | L39: สูง | M39: non-detected | N39: ต่ำมาก
A40: 68 | B40: 38 | C40: 3584 | D40: หนองปรือ | E40: 910116 | F40: 7.31 | G40: ด่างอ่อน | H40: 0.0497 | I40: 0.66051396 | J40: ต่ำมาก | K40: 27.197326 | L40: ปานกลาง | M40: non-detected | N40: ต่ำมาก
A41: 68 | B41: 39 | C41: 3585 | D41: หนองปรือ | E41: 910117 | F41: 7.18 | G41: ปานกลาง | H41: 0.07265 | I41: 1.5317613 | J41: ต่ำ | K41: 12.524735 | L41: ต่ำ | M41: 56.2891 | N41: ต่ำ
A42: 68 | B42: 40 | C42: 3586 | D42: หนองปรือ | E42: 910120 | F42: 7.4 | G42: ด่างอ่อน | H42: 0.046 | I42: 1.1696107 | J42: ต่ำ | K42: 36.929431 | L42: ปานกลาง | M42: 12.85139 | N42: ต่ำมาก
A43: 68 | B43: 41 | C43: 3587 | D43: ไร่หนองกระทุ่ม 1 | E43: 902140 | F43: 7.23 | G43: ปานกลาง | H43: 0.0624 | I43: 1.1306727 | J43: ต่ำ | K43: 28.41605 | L43: ปานกลาง | M43: 45.803931 | N43: ต่ำ
A44: 68 | B44: 42 | C44: 3588 | D44: ไร่หนองกระทุ่ม 1 | E44: 902146 | F44: 7.69 | G44: ด่างอ่อน | H44: 0.06405 | I44: 1.0737146 | J44: ต่ำ | K44: 276.84883 | L44: สูง | M44: 53.781163 | N44: ต่ำ
A45: 68 | B45: 43 | C45: 3589 | D45: ไร่หนองกระทุ่ม 1 | E45: 902128 | F45: 8.515 | G45: ด่างแก่ | H45: 0.0604 | I45: 1.0634479 | J45: ต่ำ | K45: 24.372269 | L45: ปานกลาง | M45: non-detected | N45: ต่ำมาก
A46: 68 | B46: 44 | C46: 3590 | D46: ไร่หนองกระทุ่ม 1 | E46: 902109 | F46: 8.2 | G46: ด่างอ่อน | H46: 0.11655 | I46: 0.73811177 | J46: ต่ำมาก | K46: 24.557506 | L46: ปานกลาง | M46: 117.99185 | N46: สูง
A47: 68 | B47: 45 | C47: 3591 | D47: ไร่หนองกระทุ่ม 1 | E47: 902139 | F47: 7.89 | G47: ด่างอ่อน | H47: 0.06875 | I47: 0.36705693 | J47: ต่ำมาก | K47: 6.9198186 | L47: ต่ำมาก | M47: non-detected | N47: ต่ำมาก
A48: 68 | B48: 46 | C48: 3592 | D48: ไร่หนองกระทุ่ม 1 | E48: 902138 | F48: 7.475 | G48: ด่างอ่อน | H48: 0.1124 | I48: 1.4603145 | J48: ต่ำ | K48: 101.89097 | L48: สูง | M48: 180.02757 | N48: สูงมาก
A49: 68 | B49: 47 | C49: 3593 | D49: ไร่หนองกระทุ่ม 2 | E49: 906124 | F49: 7.83 | G49: ด่างอ่อน | H49: 0.17765 | I49: 1.4284022 | J49: ต่ำ | K49: 108.16027 | L49: สูง | M49: 172.81699 | N49: สูงมาก
A50: 68 | B50: 48 | C50: 3594 | D50: ไร่หนองกระทุ่ม 2 | E50: 906137 | F50: 7.755 | G50: ด่างอ่อน | H50: 0.14625 | I50: 1.3262546 | J50: ต่ำ | K50: 88.704228 | L50: สูง | M50: 140.03016 | N50: สูงมาก
A51: 68 | B51: 49 | C51: 3595 | D51: ไร่หนองกระทุ่ม 2 | E51: 906141 | F51: 7.83 | G51: ด่างอ่อน | H51: 0.1728 | I51: 1.3732651 | J51: ต่ำ | K51: 321.49493 | L51: สูง | M51: 122.52692 | N51: สูงมาก
A52: 68 | B52: 50 | C52: 3596 | D52: ไร่หนองกระทุ่ม 2 | E52: 906142 | F52: 7.745 | G52: ด่างอ่อน | H52: 0.12175 | I52: 0.83301346 | J52: ต่ำมาก | K52: 312.67623 | L52: สูง | M52: 57.27879 | N52: ต่ำ
A53: 68 | B53: 51 | C53: 3597 | D53: ไร่หนองกระทุ่ม 2 | E53: 906143 | F53: 7.79 | G53: ด่างอ่อน | H53: 0.1199 | I53: 1.3676102 | J53: ต่ำ | K53: 326.16353 | L53: สูง | M53: 131.97681 | N53: สูงมาก
A54: 68 | B54: 52 | C54: 3598 | D54: ไร่หนองกระทุ่ม 2 | E54: 906146 | F54: 7.84 | G54: ด่างอ่อน | H54: 0.1527 | I54: 1.2984099 | J54: ต่ำ | K54: 344.77563 | L54: สูง | M54: 37.775575 | N54: ต่ำ
A55: 68 | B55: 53 | C55: 3599 | D55: ไร่สามชุก | E55: 930110 | F55: 7.49 | G55: ด่างอ่อน | H55: 0.277 | I55: 3.3620093 | J55: สูง | K55: 18.564122 | L55: ต่ำ | M55: 87.6478 | N55: ปานกลาง
A56: 68 | B56: 54 | C56: 3600 | D56: ไร่สามชุก | E56: 930111 | F56: 6.75 | G56: ปานกลาง | H56: 0.313 | I56: 6.2480838 | J56: สูง | K56: 26.555332 | L56: ปานกลาง | M56: 64.714685 | N56: ปานกลาง
A57: 68 | B57: 55 | C57: 3601 | D57: ไร่สามชุก | E57: 930203 | F57: 6.825 | G57: ปานกลาง | H57: 0.08965 | I57: 1.0694666 | J57: ต่ำ | K57: 28.595992 | L57: ปานกลาง | M57: 32.791301 | N57: ต่ำ
