Workbook

Sheet รวม
C1: ปริมาณน้ำฝน (มม.) | D1: สะสม 18/9/2568
B2: สถานีวัดน้ำฝน | C2: ที่ตั้ง | D2: ปี2568 | E2: ปี2567 | F2: ปี2566 | G2: ปี2565 | H2: ปี2564
A3: 1 | B3: เขาประทุน | C3: อ.บ้านไร่ จ.อุทัยธานี | D3: ='2568'!D18 -> 1028.8 | E3: 1220 | F3: 954 | G3: 1271 | H3: 1509
A4: 2 | B4: หนองยายเงิน | C4: อ.บ้านไร่ จ.อุทัยธานี | D4: ='2568'!E18 -> 794.2 | E4: 876 | F4: 803.5 | G4: 1347 | H4: 1741
A5: 3 | B5: ทัพผึ้ง | C5: อ.บ้านไร่ จ.อุทัยธานี | D5: ='2568'!F18 -> 850.1 | E5: 1029 | F5: 866 | G5: 1204 | H5: 1452
A6: 4 | B6: ทัพหลวง | C6: อ.บ้านไร่ จ.อุทัยธานี | D6: ='2568'!B18 -> 795.5 | E6: 1025 | F6: 663 | G6: 1155 | H6: 1502
A7: 5 | B7: หนองแก | C7: อ.บ้านไร่ จ.อุทัยธานี | D7: ='2568'!C18 -> 814.3 | E7: 1065 | F7: 740 | G7: 1019 | H7: 1176
A8: 6 | B8: หนองกระทุ่ม1 | C8: อ.ด่านช้าง จ.สุพรรณบุรี | D8: ='2568'!G18 -> 906.1 | E8: 1471 | F8: 863 | G8: 1223 | H8: 1117
A9: 7 | B9: หนองกระทุ่ม 2 | C9: อ.ด่านช้าง จ.สุพรรณบุรี | D9: ='2568'!H18 -> 1165 | E9: 1334 | F9: 761 | G9: 1318 | H9: 901
A10: 8 | B10: หนองขอน | C10: อ.ด่านช้าง จ.สุพรรณบุรี | D10: ='2568'!I18 -> 801 | E10: 972 | F10: 651 | G10: 1333 | H10: 1058
A11: 9 | B11: กิโลแปด | C11: อ.ด่านช้าง จ.สุพรรณบุรี | D11: ='2568'!L18 -> 796 | E11: 983.5 | F11: 740 | G11: 0 | H11: 0
A12: 10 | B12: สระบัวก่ำ | C12: อ.ด่านช้าง จ.สุพรรณบุรี | D12: ='2568'!J18 -> 858.1 | E12: 1198 | F12: 697 | G12: 1305 | H12: 734
A13: 11 | B13: ดงเชือก | C13: อ.หนองหญ้าไซ จ.สุพรรณบุรี | D13: ='2568'!K18 -> 871.8 | E13: 909 | F13: 825 | G13: 1390 | H13: 1032
A14: 12 | B14: หนองกระทิง | C14: อ.หนองหญ้าไซ จ.สุพรรณบุรี | D14: ='2568'!Q18 -> 572 | E14: 935 | F14: 675 | G14: 961 | H14: 802
A15: 13 | B15: หนองปรือ | C15: อ.หนองปรือ จ.กาญจนบุรี | D15: ='2568'!M18 -> 535.7 | E15: 708 | F15: 628 | G15: 1046 | H15: 1421
A16: 14 | B16: ลำอีซู | C16: อ.หนองปรือ จ.กาญจนบุรี | D16: ='2568'!N18 -> 508 | E16: 665 | F16: 640 | G16: 1169 | H16: 1442
A17: 15 | B17: หนองมะค่า | C17: อ.หนองปรือ จ.กาญจนบุรี | D17: ='2568'!O18 -> 455.4 | E17: 645 | F17: 580 | G17: 1139 | H17: 1519
A18: 16 | B18: ทุ่งโป่ง | C18: อ.หนองปรือ จ.กาญจนบุรี | D18: ='2568'!P18 -> 424.4 | E18: 580 | F18: 476 | G18: 1025 | H18: 1459
B19: เฉลี่ย (มม.) | D19: ='2568'!S18 -> 579.82857 | E19: ='2567'!S18 -> 952.33459 | F19: 659.30952 | G19: 1028.7143 | H19: 1177.0952

Sheet 2568
A1: บริษัท ไร่ด่านช้าง จำกัด
A2: รายงานปริมาณน้ำฝนสรุปสะสมประจำปี 2568 เกิดจริง ณ 18 ก.ย.68
A3: หน่วย : มม.
A4: วัน/เดือน/ปี | B4: ไร่ | C4: ไร่ | D4: ไร่ | E4: ไร่ | F4: ไร่ | G4: ไร่ | H4: ไร่ | I4: ไร่ | J4: ไร่ | K4: ไร่ | L4: ไร่ | M4: ไร่ | N4: ไร่ | O4: ไร่ | P4: ไร่ | Q4: ไร่ | R4: รวม | S4: เฉลี่ย
B5: ทัพหลวง | C5: หนองแก | D5: เขาประทุน | E5: หนองยายเงิน | F5: ทัพผึ้ง | G5: กระทุ่ม1 | H5: กระทุ่ม 2 | I5: หนองขอน | J5: สระบัวก่ำ | K5: ดงเชือก | L5: กิโลแปด | M5: หนองปรือ | N5: ลำอีซู | O5: หนองมะค่า | P5: ทุ่งโป่ง | Q5: หนองกระทิง | R5: ทุกเขต | S5: ทุกเขต
A6: ม.ค.68 | B6: 0 | C6: 0 | D6: 0 | E6: 0 | F6: 0 | G6: 0 | H6: 0 | I6: 0 | J6: 0 | K6: 0 | L6: 0 | M6: 0 | N6: 0 | O6: 0 | P6: 0 | Q6: 0 | R6: 0 | S6: 0
A7: ก.พ.68 | B7: 17 | C7: 29 | D7: 35 | E7: 18 | F7: 27 | G7: 0 | H7: 9 | I7: 0 | J7: 2 | K7: 0 | L7: 13 | M7: 18 | N7: 24 | O7: 20 | P7: 10 | Q7: 0 | R7: 222 | S7: 10.571429
A8: มี.ค.68 | B8: 73 | C8: 67 | D8: 83 | E8: 84 | F8: 78 | G8: 70 | H8: 102 | I8: 100 | J8: 53 | K8: 55 | L8: 68 | M8: 56 | N8: 41 | O8: 59 | P8: 52 | Q8: 35 | R8: 1076 | S8: 51.238095
A9: เม.ย.68 | B9: 63.4 | C9: 93 | D9: 116.9 | E9: 95.2 | F9: 91 | G9: 71 | H9: 67.4 | I9: 40 | J9: 43.4 | K9: 59.2 | L9: 54.5 | M9: 61 | N9: 76 | O9: 58 | P9: 57.8 | Q9: 70 | R9: 1117.8 | S9: 53.228571
A10: พ.ค.68 | B10: 274.4 | C10: 253.9 | D10: 315.1 | E10: 235.3 | F10: 266.1 | G10: 221 | H10: 329.2 | I10: 166 | J10: 209.4 | K10: 184.1 | L10: 206.5 | M10: 147 | N10: 146 | O10: 124 | P10: 122.4 | Q10: 142 | R10: 3342.4 | S10: 159.1619
A11: มิ.ย.68 | B11: 16.5 | C11: 29.5 | D11: 49.8 | E11: 34.2 | F11: 37 | G11: 72 | H11: 133.6 | I11: 105 | J11: 99.1 | K11: 42 | L11: 85 | M11: 11.2 | N11: 15 | O11: 11 | P11: 23.4 | Q11: 0 | R11: 764.3 | S11: 36.395238
A12: ก.ค.68 | B12: 50.5 | C12: 41.4 | D12: 79.7 | E12: 67.4 | F12: 60 | G12: 64 | H12: 90.3 | I12: 70 | J12: 58.6 | K12: 41.8 | L12: 47.5 | M12: 36 | N12: 34 | O12: 26.4 | P12: 13.6 | Q12: 23 | R12: 804.2 | S12: 38.295238
A13: ส.ค.68 | B13: 91.3 | C13: 100.4 | D13: 102.8 | E13: 81 | F13: 78 | G13: 161.1 | H13: 202.5 | I13: 172 | J13: 135.8 | K13: 124.2 | L13: 149 | M13: 36.7 | N13: 37 | O13: 25 | P13: 59.3 | Q13: 90 | R13: 1646.1 | S13: 78.385714
A14: ก.ย.68 | B14: 209.4 | C14: 200.1 | D14: 246.5 | E14: 179.1 | F14: 213 | G14: 247 | H14: 231 | I14: 148 | J14: 256.8 | K14: 365.5 | L14: 172.5 | M14: 169.8 | N14: 135 | O14: 132 | P14: 85.9 | Q14: 212 | R14: 3203.6 | S14: 152.55238
A15: ต.ค.68 | B15: 0 | C15: 0 | D15: 0 | E15: 0 | F15: 0 | G15: 0 | H15: 0 | I15: 0 | J15: 0 | K15: 0 | L15: 0 | M15: 0 | N15: 0 | O15: 0 | P15: 0 | Q15: 0 | R15: 0 | S15: 0
A16: พ.ย.68 | B16: 0 | C16: 0 | D16: 0 | E16: 0 | F16: 0 | G16: 0 | H16: 0 | I16: 0 | J16: 0 | K16: 0 | L16: 0 | M16: 0 | N16: 0 | O16: 0 | P16: 0 | Q16: 0 | R16: 0 | S16: 0
A17: ธ.ค.68 | B17: 0 | C17: 0 | D17: 0 | E17: 0 | F17: 0 | G17: 0 | H17: 0 | I17: 0 | J17: 0 | K17: 0 | L17: 0 | M17: 0 | N17: 0 | O17: 0 | P17: 0 | Q17: 0 | R17: 0 | S17: 0
A18: รวม | B18: =SUM(B6:B17) -> 795.5 | C18: =SUM(C6:C17) -> 814.3 | D18: =SUM(D6:D17) -> 1028.8 | E18: =SUM(E6:E17) -> 794.2 | F18: =SUM(F6:F17) -> 850.1 | G18: =SUM(G6:G17) -> 906.1 | H18: =SUM(H6:H17) -> 1165 | I18: =SUM(I6:I17) -> 801 | ... S18: =SUM(S6:S17) -> 579.82857

Sheet 2567
A1: บริษัท ไร่ด่านช้าง จำกัด
A2: รายงานปริมาณน้ำฝนสรุปสะสมประจำปี 2567
A3: หน่วย : มม.
A4: วัน/เดือน/ปี | B4: ไร่ | C4: ไร่ | D4: ไร่ | E4: ไร่ | F4: ไร่ | G4: ไร่ | H4: ไร่ | I4: ไร่ | J4: ไร่ | K4: ไร่ | L4: ไร่ | M4: ไร่ | N4: ไร่ | O4: ไร่ | P4: ไร่ | Q4: ไร่ | R4: รวม | S4: เฉลี่ย
B5: ทัพหลวง | C5: หนองแก | D5: เขาประทุน | E5: หนองยายเงิน | F5: ทัพผึ้ง | G5: กระทุ่ม1 | H5: กระทุ่ม 2 | I5: หนองขอน | J5: สระบัวก่ำ | K5: ดงเชือก | L5: กิโลแปด | M5: หนองปรือ | N5: ลำอีซู | O5: หนองมะค่า | P5: ทุ่งโป่ง | Q5: หนองกระทิง | R5: ทุกเขต | S5: ทุกเขต
A6: ม.ค.67 | B6: 0 | C6: 0 | D6: 0 | E6: 0 | F6: 0 | G6: 0 | H6: 0 | I6: 0 | J6: 0 | K6: 5 | L6: 0 | M6: 0 | N6: 0 | O6: 0 | P6: 0 | Q6: 0 | R6: 5 | S6: 0.26315789
A7: ก.พ.67 | B7: 28 | C7: 48 | D7: 48 | E7: 44 | F7: 31 | G7: 0 | H7: 0 | I7: 0 | J7: 0 | K7: 0 | L7: 0 | M7: 18 | N7: 10 | O7: 15 | P7: 6 | Q7: 0 | R7: 360 | S7: 17.142857
A8: มี.ค.67 | B8: 18 | C8: 15 | D8: 12 | E8: 11 | F8: 5 | G8: 0 | H8: 4 | I8: 13 | J8: 0 | K8: 0 | L8: 12 | M8: 4 | N8: 0 | O8: 5 | P8: 7 | Q8: 0 | R8: 141 | S8: 6.7142857
A9: เม.ย.67 | B9: 51 | C9: 60 | D9: 48 | E9: 36 | F9: 45 | G9: 10 | H9: 4 | I9: 10 | J9: 0 | K9: 0 | L9: 6 | M9: 0 | N9: 0 | O9: 0 | P9: 0 | Q9: 0 | R9: 385 | S9: 18.333333
A10: พ.ค.67 | B10: 194 | C10: 137 | D10: 142 | E10: 88 | F10: 117 | G10: 176 | H10: 116 | I10: 97 | J10: 128 | K10: 118 | L10: 110.5 | M10: 170 | N10: 147 | O10: 146 | P10: 146 | Q10: 86 | R10: 2611.5 | S10: 124.35714
A11: มิ.ย.67 | B11: 27 | C11: 47 | D11: 74 | E11: 46 | F11: 82 | G11: 135 | H11: 92 | I11: 80 | J11: 67 | K11: 60 | L11: 91 | M11: 23 | N11: 12 | O11: 21 | P11: 3 | Q11: 70 | R11: 1126 | S11: 53.619048
A12: ก.ค.67 | B12: 152 | C12: 124 | D12: 120 | E12: 117 | F12: 132 | G12: 251 | H12: 315 | I12: 192 | J12: 231 | K12: 240 | L12: 182 | M12: 29 | N12: 20 | O12: 16 | P12: 24 | Q12: 245 | R12: 2956 | S12: 140.7619
A13: ส.ค.67 | B13: 199 | C13: 209 | D13: 332 | E13: 184 | F13: 263 | G13: 282 | H13: 247 | I13: 275 | J13: 223 | K13: 161 | L13: 224 | M13: 62 | N13: 80 | O13: 64 | P13: 39 | Q13: 162 | R13: 4070 | S13: 193.80952
A14: ก.ย.67 | B14: 142 | C14: 187 | D14: 192 | E14: 176 | F14: 156 | G14: 249 | H14: 169 | I14: 100 | J14: 203 | K14: 142 | L14: 126 | M14: 121 | N14: 143 | O14: 108 | P14: 147 | Q14: 155 | R14: 3292 | S14: 156.7619
A15: ต.ค.67 | B15: 214 | C15: 238 | D15: 252 | E15: 174 | F15: 198 | G15: 346 | H15: 360 | I15: 175 | J15: 321 | K15: 168 | L15: 207 | M15: 231 | N15: 223 | O15: 220 | P15: 178 | Q15: 199 | R15: 4717 | S15: 224.61905
A16: พ.ย.67 | B16: 0 | C16: 0 | D16: 0 | E16: 0 | F16: 0 | G16: 22 | H16: 27 | I16: 30 | J16: 25 | K16: 15 | L16: 25 | M16: 50 | N16: 30 | O16: 50 | P16: 30 | Q16: 18 | R16: 335 | S16: 15.952381
A17: ธ.ค.67 | B17: 0 | C17: 0 | D17: 0 | E17: 0 | F17: 0 | G17: 0 | H17: 0 | I17: 0 | J17: 0 | K17: 0 | L17: 0 | M17: 0 | N17: 0 | O17: 0 | P17: 0 | Q17: 0 | R17: 0 | S17: 0
A18: รวม | B18: =SUM(B6:B17) -> 1025 | C18: =SUM(C6:C17) -> 1065 | D18: =SUM(D6:D17) -> 1220 | E18: =SUM(E6:E17) -> 876 | F18: =SUM(F6:F17) -> 1029 | G18: =SUM(G6:G17) -> 1471 | H18: =SUM(H6:H17) -> 1334 | I18: =SUM(I6:I17) -> 972 | ... Q18: =SUM(Q6:Q17) -> 935 | R18: =SUM(R6:R10) -> 3502.5 | S18: =SUM(S6:S17) -> 952.33459

Sheet 2566
A1: บริษัท ไร่ด่านช้าง จำกัด
A2: รายงานปริมาณน้ำฝนสรุปสะสมประจำปี 2566
A3: หน่วย : มม.
A4: วัน/เดือน/ปี | D4: ไร่ | E4: ไร่ | F4: ไร่ | G4: ไร่ | H4: ไร่ | I4: ไร่ | J4: ไร่ | K4: ไร่ | L4: ไร่ | M4: ไร่ | N4: ไร่ | O4: ไร่ | P4: ไร่ | Q4: ไร่ | R4: ไร่ | S4: ไร่ | T4: ไร่ | U4: ไร่ | V4: ไร่ | W4: รวม | X4: เฉลี่ย
D5: ทัพหลวง | E5: หนองขาม | F5: รุ่งนภา | G5: หนองแก | H5: เขาแหลม | I5: เขาประทุน | J5: หนองยายเงิน | K5: ทัพผึ้ง | L5: กระทุ่ม1 | M5: กระทุ่ม 2 | N5: หนองขอน | O5: สระบัวก่ำ | P5: ดงเชือก | Q5: กิโลแปด | R5: หนองปรือ | S5: ลำอีซู | T5: หนองมะค่า | U5: ทุ่งโป่ง | V5: หนองกระทิง | W5: ทุกเขต | X5: ทุกเขต
A6: ม.ค.66 | D6: 0 | E6: 0 | F6: 0 | G6: 0 | H6: 0 | I6: 0 | J6: 0 | K6: 0 | L6: 0 | M6: 0 | N6: 0 | O6: 0 | P6: 0 | Q6: 0 | R6: 0 | S6: 0 | T6: 0 | U6: 0 | V6: 0 | W6: 0 | X6: =+W6/21 -> 0
A7: ก.พ.66 | D7: 0 | E7: 0 | F7: 2 | G7: 4 | H7: 4 | I7: 4 | J7: 12 | K7: 2 | L7: 50 | M7: 11 | N7: 0 | O7: 10 | P7: 30 | Q7: 0 | R7: 63 | S7: 18 | T7: 36 | U7: 16 | V7: 0 | W7: 262 | X7: =+W7/21 -> 12.47619
A8: มี.ค.66 | D8: 5 | E8: 0 | F8: 7 | G8: 7 | H8: 5 | I8: 5 | J8: 4 | K8: 5 | L8: 5 | M8: 12 | N8: 18 | O8: 6 | P8: 0 | Q8: 0 | R8: 7 | S8: 0 | T8: 5 | U8: 2 | V8: 0 | W8: 93 | X8: =+W8/21 -> 4.4285714
A9: เม.ย.66 | D9: 0 | E9: 0 | F9: 0 | G9: 0 | H9: 0 | I9: 0 | J9: 0 | K9: 0 | L9: 0 | M9: 0 | N9: 0 | O9: 0 | P9: 0 | Q9: 0 | R9: 12 | S9: 0 | T9: 8 | U9: 7 | V9: 0 | W9: 27 | X9: =+W9/21 -> 1.2857143
A10: พ.ค.66 | D10: 122 | E10: 118 | F10: 61 | G10: 202 | H10: 228 | I10: 228 | J10: 154.5 | K10: 230 | L10: 144 | M10: 168 | N10: 148 | O10: 175 | P10: 180 | Q10: 131 | R10: 83 | S10: 71 | T10: 78 | U10: 55 | V10: 124 | W10: 2700.5 | X10: =+W10/21 -> 128.59524
A11: มิ.ย.66 | D11: 36 | E11: 35 | F11: 81 | G11: 36 | H11: 60 | I11: 60 | J11: 57 | K11: 62 | L11: 68 | M11: 42 | N11: 50 | O11: 30 | P11: 60 | Q11: 65 | R11: 5 | S11: 0 | T11: 0 | U11: 6 | V11: 55 | W11: 808 | X11: =+W11/21 -> 38.47619
A12: ก.ค.66 | D12: 110 | E12: 84 | F12: 107 | G12: 81 | H12: 105 | I12: 105 | J12: 74 | K12: 105 | L12: 147 | M12: 36 | N12: 50 | O12: 68 | P12: 100 | Q12: 68 | R12: 102 | S12: 116 | T12: 101 | U12: 119 | V12: 104 | W12: 1782 | X12: =+W12/21 -> 84.857143
A13: ส.ค.66 | D13: 68 | E13: 59 | F13: 95 | G13: 56 | H13: 73 | I13: 77 | J13: 64 | K13: 76 | L13: 97 | M13: 65 | N13: 60 | O13: 59 | P13: 105 | Q13: 76 | R13: 30 | S13: 45 | T13: 40 | U13: 31 | V13: 74 | W13: 1250 | X13: =+W13/21 -> 59.52381
A14: ก.ย.66 | D14: 189 | E14: 197 | F14: 214 | G14: 230 | H14: 371 | I14: 371 | J14: 313 | K14: 282 | L14: 153 | M14: 258 | N14: 190 | O14: 180 | P14: 195 | Q14: 263 | R14: 151 | S14: 198 | T14: 147 | U14: 110 | V14: 200 | W14: 4212 | X14: =+W14/21 -> 200.57143
A15: ต.ค.66 | D15: 133 | E15: 126 | F15: 147 | G15: 124 | H15: 104 | I15: 104 | J15: 125 | K15: 104 | L15: 199 | M15: 169 | N15: 135 | O15: 169 | P15: 155 | Q15: 137 | R15: 175 | S15: 192 | T15: 165 | U15: 130 | V15: 118 | W15: 2711 | X15: =+W15/21 -> 129.09524
A16: พ.ย.66 | D16: 21 | E16: 24 | F16: 38 | G16: 39 | H16: 39 | I16: 39 | J16: 29 | K16: 32 | L16: 93 | M16: 83 | N16: 36 | O16: 63 | P16: 100 | Q16: 41 | R16: 98 | S16: 76 | T16: 95 | U16: 48 | V16: 60 | W16: 1054 | X16: =+W16/21 -> 50.190476
A17: ธ.ค.66 | D17: 6 | E17: 5 | F17: 0 | G17: 0 | H17: 0 | I17: 0 | J17: 0 | K17: 2 | L17: 0 | M17: 0 | N17: 0 | O17: 0 | P17: 0 | Q17: 0 | R17: 10 | S17: 20 | T17: 8 | U17: 6 | V17: 0 | W17: 57 | X17: =+W17/21 -> 2.7142857
A18: รวม | D18: =SUM(D6:D17) -> 690 | E18: =SUM(E6:E17) -> 648 | F18: =SUM(F6:F17) -> 752 | G18: =SUM(G6:G17) -> 779 | H18: =SUM(H6:H17) -> 989 | I18: =SUM(I6:I17) -> 993 | J18: =SUM(J6:J17) -> 832.5 | K18: =SUM(K6:K17) -> 900 | ... V18: =SUM(V6:V17) -> 735 | W18: =SUM(W6:W10) -> 3082.5 | X18: =SUM(X6:X17) -> 712.21429

Sheet 2565
A1: บริษัท ไร่ด่านช้าง จำกัด
A2: รายงานปริมาณน้ำฝนสรุปสะสมประจำปี 2565
A3: หน่วย : มม.
A4: วัน/เดือน/ปี | D4: ไร่ | E4: ไร่ | F4: ไร่ | G4: ไร่ | H4: ไร่ | I4: ไร่ | J4: ไร่ | K4: ไร่ | L4: ไร่ | M4: ไร่ | N4: ไร่ | O4: ไร่ | P4: ไร่ | Q4: ไร่ | R4: ไร่ | S4: ไร่ | T4: ไร่ | U4: ไร่ | V4: ไร่ | W4: รวม | X4: เฉลี่ย
D5: ทัพหลวง | E5: หนองขาม | F5: รุ่งนภา | G5: หนองแก | H5: เขาแหลม | I5: เขาประทุน | J5: หนองยายเงิน | K5: หนองจอก | L5: ทัพผึ้ง | M5: กระทุ่ม1 | N5: กระทุ่ม 2 | O5: หนองขอน | P5: สระบัวก่ำ | Q5: ดงเชือก | R5: หนองปรือ | S5: ลำอีซู | T5: หนองมะค่า | U5: ทุ่งโป่ง | V5: หนองกระทิง | W5: ทุกเขต | X5: ทุกเขต
A6: ม.ค.65 | D6: 10 | E6: 8 | F6: 2 | G6: 15 | H6: 6 | I6: 6 | J6: 0 | K6: 0 | L6: 6 | M6: 5 | N6: 5 | O6: 9 | P6: 0 | Q6: 10 | R6: 14 | S6: 29 | T6: 27 | U6: 9 | V6: 25 | W6: 186 | X6: =+W6/21 -> 8.8571429
A7: ก.พ.65 | D7: 69 | E7: 62 | F7: 26 | G7: 55 | H7: 44 | I7: 44 | J7: 56 | K7: 0 | L7: 50 | M7: 69 | N7: 76 | O7: 120 | P7: 80 | Q7: 77 | R7: 145 | S7: 140 | T7: 157 | U7: 146 | V7: 59 | W7: 1475 | X7: =+W7/21 -> 70.238095
A8: มี.ค.65 | D8: 87 | E8: 84 | F8: 85 | G8: 84 | H8: 72 | I8: 72 | J8: 140 | K8: 0 | L8: 82 | M8: 138 | N8: 85 | O8: 78 | P8: 96 | Q8: 53 | R8: 106 | S8: 110 | T8: 126 | U8: 184 | V8: 74 | W8: 1756 | X8: =+W8/21 -> 83.619048
A9: เม.ย.65 | D9: 115 | E9: 115 | F9: 85 | G9: 110 | H9: 70 | I9: 70 | J9: 52 | K9: 0 | L9: 108 | M9: 85 | N9: 60 | O9: 62 | P9: 75 | Q9: 47 | R9: 54 | S9: 55 | T9: 61 | U9: 58 | V9: 58 | W9: 1340 | X9: =+W9/21 -> 63.809524
A10: พ.ค.65 | D10: 151 | E10: 152 | F10: 187 | G10: 122 | H10: 166 | I10: 166 | J10: 177 | K10: 0 | L10: 175 | M10: 120 | N10: 105 | O10: 112 | P10: 131 | Q10: 157 | R10: 109 | S10: 129 | T10: 126 | U10: 90 | V10: 107 | W10: 2482 | X10: =+W10/21 -> 118.19048
A11: มิ.ย.65 | D11: 142 | E11: 106 | F11: 130 | G11: 92 | H11: 94 | I11: 94 | J11: 105 | K11: 0 | L11: 107 | M11: 175 | N11: 160 | O11: 180 | P11: 192 | Q11: 286 | R11: 86 | S11: 94 | T11: 95 | U11: 90 | V11: 167 | W11: 2395 | X11: =+W11/21 -> 114.04762
A12: ก.ค.65 | D12: 70 | E12: 70 | F12: 106 | G12: 77 | H12: 145 | I12: 145 | J12: 120 | K12: 0 | L12: 126 | M12: 152 | N12: 170 | O12: 155 | P12: 144 | Q12: 154 | R12: 56 | S12: 88 | T12: 70 | U12: 59 | V12: 107 | W12: 2014 | X12: =+W12/21 -> 95.904762
A13: ส.ค.65 | D13: 98 | E13: 101 | F13: 221 | G13: 111 | H13: 106 | I13: 106 | J13: 105 | K13: 0 | L13: 112 | M13: 53 | N13: 65 | O13: 100 | P13: 66 | Q13: 77 | R13: 114 | S13: 101 | T13: 108 | U13: 73 | V13: 45 | W13: 1762 | X13: =+W13/21 -> 83.904762
A14: ก.ย.65 | D14: 257 | E14: 246 | F14: 318 | G14: 217 | H14: 397 | I14: 397 | J14: 408 | K14: 0 | L14: 287 | M14: 287 | N14: 438 | O14: 383 | P14: 365 | Q14: 409 | R14: 136 | S14: 157 | T14: 133 | U14: 145 | V14: 256 | W14: 5236 | X14: =+W14/21 -> 249.33333
A15: ต.ค.65 | D15: 156 | E15: 158 | F15: 165 | G15: 136 | H15: 171 | I15: 171 | J15: 184 | K15: 0 | L15: 151 | M15: 139 | N15: 154 | O15: 134 | P15: 156 | Q15: 120 | R15: 226 | S15: 266 | T15: 236 | U15: 171 | V15: 63 | W15: 2957 | X15: =+W15/21 -> 140.80952
A16: พ.ย.65 | D16: 88 | E16: 93 | F16: 70 | G16: 64 | H16: 117 | I16: 117 | J16: 158 | K16: 0 | L16: 94 | M16: 59 | N16: 73 | O16: 49 | P16: 46 | Q16: 55 | R16: 102 | S16: 110 | T16: 104 | U16: 59 | V16: 36 | W16: 1494 | X16: =+W16/21 -> 71.142857
A17: ธ.ค.65 | D17: 0 | E17: 0 | F17: 0 | G17: 0 | H17: 0 | I17: 0 | J17: 8 | K17: 0 | L17: 0 | M17: 0 | N17: 0 | O17: 0 | P17: 0 | Q17: 0 | R17: 0 | S17: 0 | T17: 0 | U17: 0 | V17: 0 | W17: 8 | X17: =+W17/21 -> 0.38095238
A18: รวม | D18: =SUM(D6:D17) -> 1243 | E18: =SUM(E6:E17) -> 1195 | F18: =SUM(F6:F17) -> 1395 | G18: =SUM(G6:G17) -> 1083 | H18: =SUM(H6:H17) -> 1388 | I18: =SUM(I6:I17) -> 1388 | J18: =SUM(J6:J17) -> 1513 | K18: =SUM(K6:K17) -> 0 | ... X18: =SUM(X6:X17) -> 1100.2381

Sheet 2564
A1: บริษัท ไร่ด่านช้าง จำกัด
A2: รายงานปริมาณน้ำฝนสรุปสะสมประจำปี 2564
A3: หน่วย : มม.
A4: วัน/เดือน/ปี | D4: ไร่ | E4: ไร่ | F4: ไร่ | G4: ไร่ | H4: ไร่ | I4: ไร่ | J4: ไร่ | K4: ไร่ | L4: ไร่ | M4: ไร่ | N4: ไร่ | O4: ไร่ | P4: ไร่ | Q4: ไร่ | R4: ไร่ | S4: ไร่ | T4: ไร่ | U4: ไร่ | V4: ไร่ | W4: รวม | X4: เฉลี่ย
D5: ทัพหลวง | E5: หนองขาม | F5: รุ่งนภา | G5: หนองแก | H5: เขาแหลม | I5: เขาประทุน | J5: หนองยายเงิน | K5: หนองจอก | L5: ทัพผึ้ง | M5: กระทุ่ม1 | N5: กระทุ่ม 2 | O5: หนองขอน | P5: สระบัวก่ำ | Q5: ดงเชือก | R5: หนองปรือ | S5: ลำอีซู | T5: หนองมะค่า | U5: ทุ่งโป่ง | V5: หนองกระทิง | W5: ทุกเขต | X5: ทุกเขต
A6: ม.ค.64 | D6: =[1]ม.ค.64!D37 -> 0 | E6: =[1]ม.ค.64!E37 -> 0 | F6: =[1]ม.ค.64!F37 -> 0 | G6: =[1]ม.ค.64!G37 -> 0 | H6: =[1]ม.ค.64!J37 -> 0 | I6: =[1]ม.ค.64!I37 -> 0 | J6: =[1]ม.ค.64!K37 -> 0 | K6: =[1]ม.ค.64!L37 -> 0 | L6: =[1]ม.ค.64!M37 -> 0 | M6: =[1]ม.ค.64!N37 -> 0 | N6: =[1]ม.ค.64!O37 -> 0 | O6: =[1]ม.ค.64!P37 -> 0 | P6: =[1]ม.ค.64!Q37 -> 0 | Q6: =[1]ม.ค.64!R37 -> 0 | R6: =[1]ม.ค.64!T37 -> 0 | S6: =[1]ม.ค.64!U37 -> 0 | T6: =[1]ม.ค.64!V37 -> 0 | U6: =[1]ม.ค.64!W37 -> 0 | V6: =[1]ม.ค.64!X37 -> 0 | W6: =SUM(D6:V6) -> 0 | X6: =+W6/21 -> 0
A7: ก.พ.64 | D7: =[1]ก.พ.64!D35 -> 0 | E7: =[1]ก.พ.64!E35 -> 0 | F7: =[1]ก.พ.64!F35 -> 0 | G7: =[1]ก.พ.64!G35 -> 0 | H7: =[1]ก.พ.64!J35 -> 0 | I7: =[1]ก.พ.64!I35 -> 0 | J7: =[1]ก.พ.64!K35 -> 0 | K7: =[1]ก.พ.64!L35 -> 0 | L7: =[1]ก.พ.64!M35 -> 0 | M7: =[1]ก.พ.64!N35 -> 7 | N7: =[1]ก.พ.64!O35 -> 3 | O7: =[1]ก.พ.64!P35 -> 15 | P7: =[1]ก.พ.64!Q35 -> 0 | Q7: =[1]ก.พ.64!R35 -> 20 | R7: =[1]ก.พ.64!T35 -> 4 | S7: =[1]ก.พ.64!U35 -> 13 | T7: =[1]ก.พ.64!V35 -> 3 | U7: =[1]ก.พ.64!W35 -> 0 | V7: =[1]ก.พ.64!X35 -> 12 | W7: =SUM(D7:V7) -> 77 | X7: =+W7/21 -> 3.6666667
A8: มี.ค.64 | D8: =[1]มี.ค.64!D37 -> 46 | E8: =[1]มี.ค.64!E37 -> 47 | F8: =[1]มี.ค.64!F37 -> 40 | G8: =[1]มี.ค.64!G37 -> 12 | H8: =[1]มี.ค.64!J37 -> 38 | I8: =[1]มี.ค.64!I37 -> 38 | J8: =[1]มี.ค.64!K37 -> 52 | K8: =[1]มี.ค.64!L37 -> 35 | L8: =[1]มี.ค.64!M37 -> 39 | M8: =[1]มี.ค.64!N37 -> 42 | N8: =[1]มี.ค.64!O37 -> 33 | O8: =[1]มี.ค.64!P37 -> 52 | P8: =[1]มี.ค.64!Q37 -> 50 | Q8: =[1]มี.ค.64!R37 -> 66 | R8: =[1]มี.ค.64!T37 -> 37 | S8: =[1]มี.ค.64!U37 -> 47 | T8: =[1]มี.ค.64!V37 -> 33 | U8: =[1]มี.ค.64!W37 -> 35 | V8: =[1]มี.ค.64!X37 -> 8 | W8: =SUM(D8:V8) -> 750 | X8: =+W8/21 -> 35.714286
A9: เม.ย.64 | D9: =[1]เม.ย.64!D37 -> 179 | E9: =[1]เม.ย.64!E37 -> 174 | F9: =[1]เม.ย.64!F37 -> 170 | G9: =[1]เม.ย.64!G37 -> 158 | H9: =[1]เม.ย.64!J37 -> 265 | I9: =[1]เม.ย.64!I37 -> 265 | J9: =[1]เม.ย.64!K37 -> 308 | K9: =[1]เม.ย.64!L37 -> 240 | L9: =[1]เม.ย.64!M37 -> 265 | M9: =[1]เม.ย.64!N37 -> 86 | N9: =[1]เม.ย.64!O37 -> 69 | O9: =[1]เม.ย.64!P37 -> 41 | P9: =[1]เม.ย.64!Q37 -> 35 | Q9: =[1]เม.ย.64!R37 -> 115 | R9: =[1]เม.ย.64!T37 -> 270 | S9: =[1]เม.ย.64!U37 -> 279 | T9: =[1]เม.ย.64!V37 -> 276 | U9: =[1]เม.ย.64!W37 -> 264 | V9: =[1]เม.ย.64!X37 -> 127 | W9: =SUM(D9:V9) -> 3586 | X9: =+W9/21 -> 170.7619
A10: พ.ค.64 | D10: =[1]พ.ค.64!D37 -> 83 | E10: =[1]พ.ค.64!E37 -> 81 | F10: =[1]พ.ค.64!F37 -> 63 | G10: =[1]พ.ค.64!G37 -> 54 | H10: =[1]พ.ค.64!J37 -> 112 | I10: =[1]พ.ค.64!I37 -> 112 | J10: =[1]พ.ค.64!K37 -> 138 | K10: =[1]พ.ค.64!L37 -> 120 | L10: =[1]พ.ค.64!M37 -> 132 | M10: =[1]พ.ค.64!N37 -> 69 | N10: =[1]พ.ค.64!O37 -> 73 | O10: =[1]พ.ค.64!P37 -> 80 | P10: =[1]พ.ค.64!Q37 -> 75 | Q10: =[1]พ.ค.64!R37 -> 85 | R10: =[1]พ.ค.64!T37 -> 168 | S10: =[1]พ.ค.64!U37 -> 178 | T10: =[1]พ.ค.64!V37 -> 181 | U10: =[1]พ.ค.64!W37 -> 161 | V10: =[1]พ.ค.64!X37 -> 62 | W10: =SUM(D10:V10) -> 2027 | X10: =+W10/21 -> 96.52381
A11: มิ.ย.64 | D11: =[1]มิ.ย.64!D37 -> 32 | E11: =[1]มิ.ย.64!E37 -> 25 | F11: =[1]มิ.ย.64!F37 -> 23 | G11: =[1]มิ.ย.64!G37 -> 26 | H11: =[1]มิ.ย.64!I37 -> 32 | I11: =[1]มิ.ย.64!J37 -> 32 | J11: =[1]มิ.ย.64!K37 -> 48 | K11: =[1]มิ.ย.64!L37 -> 20 | L11: =[1]มิ.ย.64!M37 -> 36 | M11: =[1]มิ.ย.64!N37 -> 69 | N11: =[1]มิ.ย.64!O37 -> 10 | O11: =[1]มิ.ย.64!P37 -> 22 | ... Q11: =[1]มิ.ย.64!R37 -> 39 | R11: =[1]มิ.ย.64!T37 -> 10 | S11: =[1]มิ.ย.64!U37 -> 10 | T11: =[1]มิ.ย.64!V37 -> 9 | U11: =[1]มิ.ย.64!W37 -> 40 | V11: =[1]มิ.ย.64!X37 -> 0 | W11: =SUM(D11:V11) -> 507 | X11: =+W11/21 -> 24.142857
A12: ก.ค.64 | D12: =[1]ก.ค.64!D37 -> 233 | E12: =[1]ก.ค.64!E37 -> 223 | F12: =[1]ก.ค.64!F37 -> 240 | G12: =[1]ก.ค.64!G37 -> 150 | H12: =[1]ก.ค.64!J37 -> 209 | I12: =[1]ก.ค.64!I37 -> 209 | J12: =[1]ก.ค.64!K37 -> 213 | K12: =[1]ก.ค.64!L37 -> 210 | L12: =[1]ก.ค.64!M37 -> 215 | M12: =[1]ก.ค.64!N37 -> 155 | N12: =[1]ก.ค.64!O37 -> 132 | O12: =[1]ก.ค.64!P37 -> 151 | P12: =[1]ก.ค.64!Q37 -> 105 | Q12: =[1]ก.ค.64!R37 -> 145 | R12: =[1]ก.ค.64!T37 -> 140 | S12: =[1]ก.ค.64!U37 -> 190 | T12: =[1]ก.ค.64!V37 -> 129 | U12: =[1]ก.ค.64!W37 -> 174 | V12: =[1]ก.ค.64!Y37 -> 165 | W12: =SUM(D12:V12) -> 3388 | X12: =+W12/21 -> 161.33333
A13: ส.ค.64 | D13: =[1]ส.ค.64!D37 -> 241 | E13: =[1]ส.ค.64!E37 -> 241 | F13: =[1]ส.ค.64!F37 -> 244 | G13: =[1]ส.ค.64!G37 -> 200 | H13: =[1]ส.ค.64!J37 -> 274 | I13: =[1]ส.ค.64!I37 -> 274 | J13: =[1]ส.ค.64!K37 -> 281 | K13: =[1]ส.ค.64!L37 -> 253 | L13: =[1]ส.ค.64!M37 -> 230 | M13: =[1]ส.ค.64!N37 -> 94 | N13: =[1]ส.ค.64!O37 -> 101 | O13: =[1]ส.ค.64!P37 -> 162 | P13: =[1]ส.ค.64!Q37 -> 120 | Q13: =[1]ส.ค.64!R37 -> 80 | R13: =[1]ส.ค.64!T37 -> 107 | S13: =[1]ส.ค.64!V37 -> 110 | T13: =[1]ส.ค.64!U37 -> 137 | U13: =[1]ส.ค.64!W37 -> 155 | V13: =[1]ส.ค.64!X37 -> 50 | W13: =SUM(D13:V13) -> 3354 | X13: =+W13/21 -> 159.71429
A14: ก.ย.64 | D14: =[1]ก.ย.64!D37 -> 347 | E14: =[1]ก.ย.64!E37 -> 332 | F14: =[1]ก.ย.64!F37 -> 340 | G14: =[1]ก.ย.64!G37 -> 320 | H14: =[1]ก.ย.64!J37 -> 392 | I14: =[1]ก.ย.64!I37 -> 392 | J14: =[1]ก.ย.64!K37 -> 398 | K14: =[1]ก.ย.64!L37 -> 360 | L14: =[1]ก.ย.64!M37 -> 308 | M14: =[1]ก.ย.64!N37 -> 458 | N14: =[1]ก.ย.64!O37 -> 336 | O14: =[1]ก.ย.64!P37 -> 365 | P14: =[1]ก.ย.64!Q37 -> 215 | Q14: =[1]ก.ย.64!R37 -> 320 | R14: =[1]ก.ย.64!T37 -> 338 | S14: =[1]ก.ย.64!V37 -> 296 | T14: =[1]ก.ย.64!U37 -> 374 | U14: =[1]ก.ย.64!W37 -> 306 | V14: =[1]ก.ย.64!X37 -> 211 | W14: =SUM(D14:V14) -> 6408 | X14: =+W14/21 -> 305.14286
A15: ต.ค.64 | D15: =[1]ต.ค.64!D37 -> 341 | E15: =[1]ต.ค.64!E37 -> 321 | F15: =[1]ต.ค.64!F37 -> 289 | G15: =[1]ต.ค.64!G37 -> 256 | H15: =[1]ต.ค.64!J37 -> 187 | I15: =[1]ต.ค.64!I37 -> 187 | J15: =[1]ต.ค.64!K37 -> 303 | K15: =[1]ต.ค.64!L37 -> 254 | L15: =[1]ต.ค.64!M37 -> 227 | M15: =[1]ต.ค.64!N37 -> 137 | N15: =[1]ต.ค.64!O37 -> 144 | O15: =[1]ต.ค.64!P37 -> 170 | P15: =[1]ต.ค.64!Q37 -> 110 | Q15: =[1]ต.ค.64!R37 -> 162 | R15: =[1]ต.ค.64!T37 -> 347 | S15: =[1]ต.ค.64!V37 -> 319 | T15: =[1]ต.ค.64!U37 -> 377 | U15: =[1]ต.ค.64!W37 -> 324 | V15: =[1]ต.ค.64!X37 -> 167 | W15: =SUM(D15:V15) -> 4622 | X15: =+W15/21 -> 220.09524
A16: พ.ย.64 | D16: =[1]พ.ย.64!D37 -> 39 | E16: =[1]พ.ย.64!E37 -> 35 | F16: =[1]พ.ย.64!F37 -> 12 | G16: =[1]พ.ย.64!G37 -> 26 | H16: =[1]พ.ย.64!J37 -> 7 | I16: =[1]พ.ย.64!I37 -> 7 | J16: =[1]พ.ย.64!K37 -> 10 | K16: =[1]พ.ย.64!L37 -> 10 | L16: =[1]พ.ย.64!M37 -> 10 | M16: =[1]พ.ย.64!N37 -> 60 | N16: =[1]พ.ย.64!O37 -> 25 | O16: =[1]พ.ย.64!P37 -> 30 | P16: =[1]พ.ย.64!Q37 -> 15 | Q16: =[1]พ.ย.64!R37 -> 22 | R16: =[1]พ.ย.64!T37 -> 18 | S16: =[1]พ.ย.64!V37 -> 24 | T16: =[1]พ.ย.64!U37 -> 17 | U16: =[1]พ.ย.64!W37 -> 0 | V16: =[1]พ.ย.64!X37 -> 8 | W16: =SUM(D16:V16) -> 375 | X16: =+W16/21 -> 17.857143
A17: ธ.ค.64 | D17: =[1]ธ.ค.64!D37 -> 0 | E17: =[1]ธ.ค.64!E37 -> 0 | F17: =[1]ธ.ค.64!G37 -> 0 | G17: =[1]ธ.ค.64!H37 -> 0 | H17: =[1]ธ.ค.64!K37 -> 0 | I17: =[1]ธ.ค.64!J37 -> 0 | J17: =[1]ธ.ค.64!L37 -> 0 | K17: =[1]ธ.ค.64!M37 -> 0 | L17: =[1]ธ.ค.64!N37 -> 0 | M17: =[1]ธ.ค.64!O37 -> 0 | N17: =[1]ธ.ค.64!P37 -> 0 | O17: =[1]ธ.ค.64!Q37 -> 0 | P17: =[1]ธ.ค.64!R37 -> 0 | Q17: =[1]ธ.ค.64!S37 -> 0 | R17: =[1]ธ.ค.64!W37 -> 0 | S17: =[1]ธ.ค.64!Y37 -> 0 | T17: =[1]ธ.ค.64!X37 -> 0 | U17: =[1]ธ.ค.64!Z37 -> 0 | V17: =[1]ธ.ค.64!AB37 -> 0 | W17: =SUM(D17:V17) -> 0 | X17: =+W17/21 -> 0
A18: รวม | D18: =SUM(D6:D17) -> 1541 | E18: =SUM(E6:E17) -> 1479 | F18: =SUM(F6:F17) -> 1421 | G18: =SUM(G6:G17) -> 1202 | H18: =SUM(H6:H17) -> 1516 | I18: =SUM(I6:I17) -> 1516 | J18: =SUM(J6:J17) -> 1751 | K18: =SUM(K6:K17) -> 1502 | ... X18: =SUM(X6:X17) -> 1194.9524
B20: สะสม ต.ค. | D20: =SUM(D6:D15) -> 1502 | E20: =SUM(E6:E15) -> 1444 | F20: =SUM(F6:F15) -> 1409 | G20: =SUM(G6:G15) -> 1176 | H20: =SUM(H6:H15) -> 1509 | I20: =SUM(I6:I15) -> 1509 | J20: =SUM(J6:J15) -> 1741 | K20: =SUM(K6:K15) -> 1492 | ... X20: =SUM(X6:X15) -> 1177.0952
